<?xml version="1.0" encoding="UTF-8"?>

<!-- generated on 2023-08-02 11:48:42 by Eclipse SUMO GUI Version 1.18.0
<configuration xmlns:xsi="http://www.w3.org/2001/XMLSchema-instance" xsi:noNamespaceSchemaLocation="http://sumo.dlr.de/xsd/sumoConfiguration.xsd">

    <input>
        <net-file value="my_network.net.xml"/>
        <route-files value="my_route.rou.xml"/>
    </input>

    <output>
        <tripinfo-output value="my_output_file.xml"/>
    </output>

    <time>
        <step-length value="0.1"/>
    </time>

    <report>
        <duration-log.statistics value="true"/>
    </report>

    <traci_server>
        <remote-port value="36207"/>
    </traci_server>

    <gui_only>
        <gui-settings-file value="my_gui.gui.xml"/>
        <start value="true"/>
    </gui_only>

</configuration>
-->

<tripinfos xmlns:xsi="http://www.w3.org/2001/XMLSchema-instance" xsi:noNamespaceSchemaLocation="http://sumo.dlr.de/xsd/tripinfo_file.xsd">
    <tripinfo id="v.0.a.3" depart="0.10" departLane="e1_0" departPos="4.10" departSpeed="0.00" departDelay="0.00" arrival="167.10" arrivalLane="e7_0" arrivalPos="492.80" arrivalSpeed="6.00" duration="167.00" routeLength="995.90" waitingTime="0.00" waitingCount="0" stopTime="0.00" timeLoss="67.37" rerouteNo="0" devices="tripinfo_v.0.a.3" vType="vtypeauto" speedFactor="1.06" vaporized=""/>
    <tripinfo id="v.0.b.2" depart="0.10" departLane="e2_0" departPos="4.10" departSpeed="0.00" departDelay="0.00" arrival="169.70" arrivalLane="e5_0" arrivalPos="492.80" arrivalSpeed="6.00" duration="169.60" routeLength="990.53" waitingTime="2.30" waitingCount="1" stopTime="0.00" timeLoss="69.94" rerouteNo="0" devices="tripinfo_v.0.b.2" vType="vtypeauto" speedFactor="0.94" vaporized=""/>
    <tripinfo id="v.1.c.3" depart="12.10" departLane="e3_0" departPos="4.10" departSpeed="0.00" departDelay="0.00" arrival="179.10" arrivalLane="e5_0" arrivalPos="492.80" arrivalSpeed="6.00" duration="167.00" routeLength="995.90" waitingTime="0.00" waitingCount="0" stopTime="0.00" timeLoss="67.37" rerouteNo="0" devices="tripinfo_v.1.c.3" vType="vtypeauto" speedFactor="0.83" vaporized=""/>
    <tripinfo id="v.1.a.1" depart="12.10" departLane="e1_0" departPos="4.10" departSpeed="0.00" departDelay="0.00" arrival="185.50" arrivalLane="e6_0" arrivalPos="492.80" arrivalSpeed="6.00" duration="173.40" routeLength="995.69" waitingTime="5.30" waitingCount="1" stopTime="0.00" timeLoss="73.51" rerouteNo="0" devices="tripinfo_v.1.a.1" vType="vtypeauto" speedFactor="1.01" vaporized=""/>
    <tripinfo id="v.1.a.2" depart="14.20" departLane="e1_0" departPos="4.10" departSpeed="0.00" departDelay="2.10" arrival="186.50" arrivalLane="e8_0" arrivalPos="492.80" arrivalSpeed="6.00" duration="172.30" routeLength="990.53" waitingTime="1.60" waitingCount="1" stopTime="0.00" timeLoss="72.86" rerouteNo="0" devices="tripinfo_v.1.a.2" vType="vtypeauto" speedFactor="1.08" vaporized=""/>
    <tripinfo id="v.2.c.2" depart="24.10" departLane="e3_0" departPos="4.10" departSpeed="0.00" departDelay="0.00" arrival="187.40" arrivalLane="e6_0" arrivalPos="492.80" arrivalSpeed="7.00" duration="163.30" routeLength="990.53" waitingTime="13.30" waitingCount="1" stopTime="0.00" timeLoss="63.75" rerouteNo="0" devices="tripinfo_v.2.c.2" vType="vtypeauto" speedFactor="1.03" vaporized=""/>
    <tripinfo id="v.2.a.2" depart="24.10" departLane="e1_0" departPos="4.10" departSpeed="0.00" departDelay="0.00" arrival="188.00" arrivalLane="e8_0" arrivalPos="492.80" arrivalSpeed="10.00" duration="163.90" routeLength="990.53" waitingTime="0.00" waitingCount="0" stopTime="0.00" timeLoss="64.28" rerouteNo="0" devices="tripinfo_v.2.a.2" vType="vtypeauto" speedFactor="0.94" vaporized=""/>
    <tripinfo id="v.1.d.3" depart="14.20" departLane="e4_0" departPos="4.10" departSpeed="0.00" departDelay="2.10" arrival="188.90" arrivalLane="e6_0" arrivalPos="492.80" arrivalSpeed="9.00" duration="174.70" routeLength="995.90" waitingTime="0.80" waitingCount="1" stopTime="0.00" timeLoss="75.09" rerouteNo="0" devices="tripinfo_v.1.d.3" vType="vtypeauto" speedFactor="0.89" vaporized=""/>
    <tripinfo id="v.3.c.1" depart="36.10" departLane="e3_0" departPos="4.10" departSpeed="0.00" departDelay="0.00" arrival="190.10" arrivalLane="e8_0" arrivalPos="492.80" arrivalSpeed="7.00" duration="154.00" routeLength="995.69" waitingTime="0.80" waitingCount="1" stopTime="0.00" timeLoss="54.06" rerouteNo="0" devices="tripinfo_v.3.c.1" vType="vtypeauto" speedFactor="0.99" vaporized=""/>
    <tripinfo id="v.5.c.2" depart="62.20" departLane="e3_0" departPos="4.10" departSpeed="0.00" departDelay="2.10" arrival="216.00" arrivalLane="e6_0" arrivalPos="492.80" arrivalSpeed="8.00" duration="153.80" routeLength="990.53" waitingTime="3.80" waitingCount="1" stopTime="0.00" timeLoss="54.17" rerouteNo="0" devices="tripinfo_v.5.c.2" vType="vtypeauto" speedFactor="0.94" vaporized=""/>
    <tripinfo id="v.1.d.2" depart="12.10" departLane="e4_0" departPos="4.10" departSpeed="0.00" departDelay="0.00" arrival="216.30" arrivalLane="e7_0" arrivalPos="492.80" arrivalSpeed="5.00" duration="204.20" routeLength="990.53" waitingTime="4.20" waitingCount="1" stopTime="0.00" timeLoss="104.71" rerouteNo="0" devices="tripinfo_v.1.d.2" vType="vtypeauto" speedFactor="1.05" vaporized=""/>
    <tripinfo id="v.6.a.1" depart="72.10" departLane="e1_0" departPos="4.10" departSpeed="0.00" departDelay="0.00" arrival="217.50" arrivalLane="e6_0" arrivalPos="492.80" arrivalSpeed="10.00" duration="145.40" routeLength="995.69" waitingTime="0.00" waitingCount="0" stopTime="0.00" timeLoss="45.73" rerouteNo="0" devices="tripinfo_v.6.a.1" vType="vtypeauto" speedFactor="1.16" vaporized=""/>
    <tripinfo id="v.2.a.3" depart="26.20" departLane="e1_0" departPos="4.10" departSpeed="0.00" departDelay="2.10" arrival="218.20" arrivalLane="e7_0" arrivalPos="492.80" arrivalSpeed="6.00" duration="192.00" routeLength="995.90" waitingTime="11.20" waitingCount="1" stopTime="0.00" timeLoss="92.41" rerouteNo="0" devices="tripinfo_v.2.a.3" vType="vtypeauto" speedFactor="0.86" vaporized=""/>
    <tripinfo id="v.5.c.1" depart="60.10" departLane="e3_0" departPos="4.10" departSpeed="0.00" departDelay="0.00" arrival="235.50" arrivalLane="e8_0" arrivalPos="492.80" arrivalSpeed="6.00" duration="175.40" routeLength="995.69" waitingTime="7.30" waitingCount="1" stopTime="0.00" timeLoss="75.39" rerouteNo="0" devices="tripinfo_v.5.c.1" vType="vtypeauto" speedFactor="0.94" vaporized=""/>
    <tripinfo id="v.6.c.1" depart="72.10" departLane="e3_0" departPos="4.10" departSpeed="0.00" departDelay="0.00" arrival="237.20" arrivalLane="e8_0" arrivalPos="492.80" arrivalSpeed="8.00" duration="165.10" routeLength="995.69" waitingTime="2.10" waitingCount="1" stopTime="0.00" timeLoss="65.09" rerouteNo="0" devices="tripinfo_v.6.c.1" vType="vtypeauto" speedFactor="0.97" vaporized=""/>
    <tripinfo id="v.2.d.1" depart="24.10" departLane="e4_0" departPos="4.10" departSpeed="0.00" departDelay="0.00" arrival="237.30" arrivalLane="e5_0" arrivalPos="492.80" arrivalSpeed="5.00" duration="213.20" routeLength="995.69" waitingTime="12.20" waitingCount="1" stopTime="0.00" timeLoss="113.35" rerouteNo="0" devices="tripinfo_v.2.d.1" vType="vtypeauto" speedFactor="1.05" vaporized=""/>
    <tripinfo id="v.3.d.2" depart="36.10" departLane="e4_0" departPos="4.10" departSpeed="0.00" departDelay="0.00" arrival="238.30" arrivalLane="e7_0" arrivalPos="492.80" arrivalSpeed="5.00" duration="202.20" routeLength="990.53" waitingTime="0.00" waitingCount="0" stopTime="0.00" timeLoss="102.55" rerouteNo="0" devices="tripinfo_v.3.d.2" vType="vtypeauto" speedFactor="0.93" vaporized=""/>
    <tripinfo id="v.3.a.3" depart="36.10" departLane="e1_0" departPos="4.10" departSpeed="0.00" departDelay="0.00" arrival="242.40" arrivalLane="e7_0" arrivalPos="492.80" arrivalSpeed="5.00" duration="206.30" routeLength="995.90" waitingTime="5.20" waitingCount="1" stopTime="0.00" timeLoss="106.67" rerouteNo="0" devices="tripinfo_v.3.a.3" vType="vtypeauto" speedFactor="1.12" vaporized=""/>
    <tripinfo id="v.1.b.1" depart="12.10" departLane="e2_0" departPos="4.10" departSpeed="0.00" departDelay="0.00" arrival="272.50" arrivalLane="e7_0" arrivalPos="492.80" arrivalSpeed="4.00" duration="260.40" routeLength="995.69" waitingTime="10.10" waitingCount="1" stopTime="0.00" timeLoss="160.53" rerouteNo="0" devices="tripinfo_v.1.b.1" vType="vtypeauto" speedFactor="1.03" vaporized=""/>
    <tripinfo id="v.2.b.2" depart="24.10" departLane="e2_0" departPos="4.10" departSpeed="0.00" departDelay="0.00" arrival="273.70" arrivalLane="e5_0" arrivalPos="492.80" arrivalSpeed="4.00" duration="249.60" routeLength="990.53" waitingTime="0.00" waitingCount="0" stopTime="0.00" timeLoss="150.18" rerouteNo="0" devices="tripinfo_v.2.b.2" vType="vtypeauto" speedFactor="1.09" vaporized=""/>
    <tripinfo id="v.6.d.2" depart="72.10" departLane="e4_0" departPos="4.10" departSpeed="0.00" departDelay="0.00" arrival="274.20" arrivalLane="e7_0" arrivalPos="492.80" arrivalSpeed="7.00" duration="202.10" routeLength="990.53" waitingTime="11.70" waitingCount="1" stopTime="0.00" timeLoss="102.26" rerouteNo="0" devices="tripinfo_v.6.d.2" vType="vtypeauto" speedFactor="0.83" vaporized=""/>
    <tripinfo id="v.6.c.3" depart="74.20" departLane="e3_0" departPos="4.10" departSpeed="0.00" departDelay="2.10" arrival="275.40" arrivalLane="e5_0" arrivalPos="492.80" arrivalSpeed="7.00" duration="201.20" routeLength="995.90" waitingTime="14.00" waitingCount="2" stopTime="0.00" timeLoss="101.60" rerouteNo="0" devices="tripinfo_v.6.c.3" vType="vtypeauto" speedFactor="0.89" vaporized=""/>
    <tripinfo id="v.5.a.3" depart="60.10" departLane="e1_0" departPos="4.10" departSpeed="0.00" departDelay="0.00" arrival="276.80" arrivalLane="e7_0" arrivalPos="492.80" arrivalSpeed="5.00" duration="216.70" routeLength="995.90" waitingTime="1.20" waitingCount="1" stopTime="0.00" timeLoss="117.11" rerouteNo="0" devices="tripinfo_v.5.a.3" vType="vtypeauto" speedFactor="0.88" vaporized=""/>
    <tripinfo id="v.7.c.3" depart="86.20" departLane="e3_0" departPos="4.10" departSpeed="0.00" departDelay="2.10" arrival="277.60" arrivalLane="e5_0" arrivalPos="492.80" arrivalSpeed="6.00" duration="191.40" routeLength="995.90" waitingTime="3.90" waitingCount="1" stopTime="0.00" timeLoss="91.81" rerouteNo="0" devices="tripinfo_v.7.c.3" vType="vtypeauto" speedFactor="1.13" vaporized=""/>
    <tripinfo id="v.6.b.1" depart="72.10" departLane="e2_0" departPos="4.10" departSpeed="0.00" departDelay="0.00" arrival="278.40" arrivalLane="e7_0" arrivalPos="492.80" arrivalSpeed="8.00" duration="206.30" routeLength="995.69" waitingTime="14.40" waitingCount="1" stopTime="0.00" timeLoss="106.42" rerouteNo="0" devices="tripinfo_v.6.b.1" vType="vtypeauto" speedFactor="1.02" vaporized=""/>
    <tripinfo id="v.6.b.3" depart="74.20" departLane="e2_0" departPos="4.10" departSpeed="0.00" departDelay="2.10" arrival="287.40" arrivalLane="e8_0" arrivalPos="492.80" arrivalSpeed="5.00" duration="213.20" routeLength="995.90" waitingTime="12.10" waitingCount="1" stopTime="0.00" timeLoss="113.57" rerouteNo="0" devices="tripinfo_v.6.b.3" vType="vtypeauto" speedFactor="1.01" vaporized=""/>
    <tripinfo id="v.8.a.2" depart="98.20" departLane="e1_0" departPos="4.10" departSpeed="0.00" departDelay="2.10" arrival="289.00" arrivalLane="e8_0" arrivalPos="492.80" arrivalSpeed="8.00" duration="190.80" routeLength="990.53" waitingTime="1.80" waitingCount="1" stopTime="0.00" timeLoss="91.43" rerouteNo="0" devices="tripinfo_v.8.a.2" vType="vtypeauto" speedFactor="1.15" vaporized=""/>
    <tripinfo id="v.7.b.1" depart="84.10" departLane="e2_0" departPos="4.10" departSpeed="0.00" departDelay="0.00" arrival="289.40" arrivalLane="e7_0" arrivalPos="492.80" arrivalSpeed="5.00" duration="205.30" routeLength="995.69" waitingTime="1.10" waitingCount="1" stopTime="0.00" timeLoss="105.09" rerouteNo="0" devices="tripinfo_v.7.b.1" vType="vtypeauto" speedFactor="0.87" vaporized=""/>
    <tripinfo id="v.8.b.3" depart="96.10" departLane="e2_0" departPos="4.10" departSpeed="0.00" departDelay="0.00" arrival="290.50" arrivalLane="e8_0" arrivalPos="492.80" arrivalSpeed="9.00" duration="194.40" routeLength="995.90" waitingTime="11.40" waitingCount="1" stopTime="0.00" timeLoss="94.79" rerouteNo="0" devices="tripinfo_v.8.b.3" vType="vtypeauto" speedFactor="1.01" vaporized=""/>
    <tripinfo id="v.7.c.2" depart="84.10" departLane="e3_0" departPos="4.10" departSpeed="0.00" departDelay="0.00" arrival="291.30" arrivalLane="e6_0" arrivalPos="492.80" arrivalSpeed="5.00" duration="207.20" routeLength="990.53" waitingTime="7.20" waitingCount="1" stopTime="0.00" timeLoss="107.58" rerouteNo="0" devices="tripinfo_v.7.c.2" vType="vtypeauto" speedFactor="0.95" vaporized=""/>
    <tripinfo id="v.8.d.2" depart="96.10" departLane="e4_0" departPos="4.10" departSpeed="0.00" departDelay="0.00" arrival="291.30" arrivalLane="e7_0" arrivalPos="492.80" arrivalSpeed="6.00" duration="195.20" routeLength="990.53" waitingTime="8.90" waitingCount="1" stopTime="0.00" timeLoss="95.71" rerouteNo="0" devices="tripinfo_v.8.d.2" vType="vtypeauto" speedFactor="1.02" vaporized=""/>
    <tripinfo id="v.11.a.2" depart="132.10" departLane="e1_0" departPos="4.10" departSpeed="0.00" departDelay="0.00" arrival="292.00" arrivalLane="e8_0" arrivalPos="492.80" arrivalSpeed="10.00" duration="159.90" routeLength="990.53" waitingTime="0.00" waitingCount="0" stopTime="0.00" timeLoss="60.40" rerouteNo="0" devices="tripinfo_v.11.a.2" vType="vtypeauto" speedFactor="1.09" vaporized=""/>
    <tripinfo id="v.12.d.2" depart="144.10" departLane="e4_0" departPos="4.10" departSpeed="0.00" departDelay="0.00" arrival="293.00" arrivalLane="e7_0" arrivalPos="492.80" arrivalSpeed="8.00" duration="148.90" routeLength="990.53" waitingTime="6.20" waitingCount="1" stopTime="0.00" timeLoss="49.31" rerouteNo="0" devices="tripinfo_v.12.d.2" vType="vtypeauto" speedFactor="1.02" vaporized=""/>
    <tripinfo id="v.7.d.1" depart="84.10" departLane="e4_0" departPos="4.10" departSpeed="0.00" departDelay="0.00" arrival="297.30" arrivalLane="e5_0" arrivalPos="492.80" arrivalSpeed="5.00" duration="213.20" routeLength="995.69" waitingTime="12.20" waitingCount="1" stopTime="0.00" timeLoss="113.14" rerouteNo="0" devices="tripinfo_v.7.d.1" vType="vtypeauto" speedFactor="0.93" vaporized=""/>
    <tripinfo id="v.9.d.1" depart="108.10" departLane="e4_0" departPos="4.10" departSpeed="0.00" departDelay="0.00" arrival="298.90" arrivalLane="e5_0" arrivalPos="492.80" arrivalSpeed="9.00" duration="190.80" routeLength="995.69" waitingTime="7.40" waitingCount="1" stopTime="0.00" timeLoss="91.00" rerouteNo="0" devices="tripinfo_v.9.d.1" vType="vtypeauto" speedFactor="1.10" vaporized=""/>
    <tripinfo id="v.8.a.1" depart="96.10" departLane="e1_0" departPos="4.10" departSpeed="0.00" departDelay="0.00" arrival="303.70" arrivalLane="e6_0" arrivalPos="492.80" arrivalSpeed="5.00" duration="207.60" routeLength="995.69" waitingTime="5.60" waitingCount="2" stopTime="0.00" timeLoss="107.95" rerouteNo="0" devices="tripinfo_v.8.a.1" vType="vtypeauto" speedFactor="1.18" vaporized=""/>
    <tripinfo id="v.12.a.2" depart="144.10" departLane="e1_0" departPos="4.10" departSpeed="0.00" departDelay="0.00" arrival="304.30" arrivalLane="e8_0" arrivalPos="492.80" arrivalSpeed="8.00" duration="160.20" routeLength="990.53" waitingTime="14.40" waitingCount="1" stopTime="0.00" timeLoss="60.46" rerouteNo="0" devices="tripinfo_v.12.a.2" vType="vtypeauto" speedFactor="0.90" vaporized=""/>
    <tripinfo id="v.11.d.3" depart="132.10" departLane="e4_0" departPos="4.10" departSpeed="0.00" departDelay="0.00" arrival="305.30" arrivalLane="e6_0" arrivalPos="492.80" arrivalSpeed="8.00" duration="173.20" routeLength="995.90" waitingTime="13.50" waitingCount="2" stopTime="0.00" timeLoss="73.62" rerouteNo="0" devices="tripinfo_v.11.d.3" vType="vtypeauto" speedFactor="1.00" vaporized=""/>
    <tripinfo id="v.7.b.2" depart="86.20" departLane="e2_0" departPos="4.10" departSpeed="0.00" departDelay="2.10" arrival="306.10" arrivalLane="e5_0" arrivalPos="492.80" arrivalSpeed="5.00" duration="219.90" routeLength="990.53" waitingTime="14.60" waitingCount="1" stopTime="0.00" timeLoss="120.23" rerouteNo="0" devices="tripinfo_v.7.b.2" vType="vtypeauto" speedFactor="0.92" vaporized=""/>
    <tripinfo id="v.13.d.1" depart="156.10" departLane="e4_0" departPos="4.10" departSpeed="0.00" departDelay="0.00" arrival="307.70" arrivalLane="e5_0" arrivalPos="492.80" arrivalSpeed="8.00" duration="151.60" routeLength="995.69" waitingTime="0.00" waitingCount="0" stopTime="0.00" timeLoss="51.68" rerouteNo="0" devices="tripinfo_v.13.d.1" vType="vtypeauto" speedFactor="1.00" vaporized=""/>
    <tripinfo id="v.8.c.3" depart="98.40" departLane="e3_0" departPos="4.10" departSpeed="0.00" departDelay="2.30" arrival="309.20" arrivalLane="e5_0" arrivalPos="492.80" arrivalSpeed="10.00" duration="210.80" routeLength="995.90" waitingTime="7.90" waitingCount="1" stopTime="0.00" timeLoss="111.14" rerouteNo="0" devices="tripinfo_v.8.c.3" vType="vtypeauto" speedFactor="0.99" vaporized=""/>
    <tripinfo id="v.14.a.2" depart="170.20" departLane="e1_0" departPos="4.10" departSpeed="0.00" departDelay="2.10" arrival="316.60" arrivalLane="e8_0" arrivalPos="492.80" arrivalSpeed="7.00" duration="146.40" routeLength="990.53" waitingTime="0.00" waitingCount="0" stopTime="0.00" timeLoss="46.66" rerouteNo="0" devices="tripinfo_v.14.a.2" vType="vtypeauto" speedFactor="0.90" vaporized=""/>
    <tripinfo id="v.10.a.1" depart="120.10" departLane="e1_0" departPos="4.10" departSpeed="0.00" departDelay="0.00" arrival="322.90" arrivalLane="e6_0" arrivalPos="492.80" arrivalSpeed="5.00" duration="202.80" routeLength="995.69" waitingTime="1.20" waitingCount="1" stopTime="0.00" timeLoss="102.67" rerouteNo="0" devices="tripinfo_v.10.a.1" vType="vtypeauto" speedFactor="0.90" vaporized=""/>
    <tripinfo id="v.11.b.1" depart="132.10" departLane="e2_0" departPos="4.10" departSpeed="0.00" departDelay="0.00" arrival="324.40" arrivalLane="e7_0" arrivalPos="492.80" arrivalSpeed="9.00" duration="192.30" routeLength="995.69" waitingTime="19.50" waitingCount="2" stopTime="0.00" timeLoss="92.42" rerouteNo="0" devices="tripinfo_v.11.b.1" vType="vtypeauto" speedFactor="1.04" vaporized=""/>
    <tripinfo id="v.12.b.1" depart="144.10" departLane="e2_0" departPos="4.10" departSpeed="0.00" departDelay="0.00" arrival="333.10" arrivalLane="e7_0" arrivalPos="492.80" arrivalSpeed="8.00" duration="189.00" routeLength="995.69" waitingTime="17.10" waitingCount="2" stopTime="0.00" timeLoss="88.83" rerouteNo="0" devices="tripinfo_v.12.b.1" vType="vtypeauto" speedFactor="0.88" vaporized=""/>
    <tripinfo id="v.8.c.2" depart="96.10" departLane="e3_0" departPos="4.10" departSpeed="0.00" departDelay="0.00" arrival="356.30" arrivalLane="e6_0" arrivalPos="492.80" arrivalSpeed="4.00" duration="260.20" routeLength="990.53" waitingTime="11.10" waitingCount="1" stopTime="0.00" timeLoss="160.84" rerouteNo="0" devices="tripinfo_v.8.c.2" vType="vtypeauto" speedFactor="1.17" vaporized=""/>
    <tripinfo id="v.14.a.1" depart="168.10" departLane="e1_0" departPos="4.10" departSpeed="0.00" departDelay="0.00" arrival="357.90" arrivalLane="e6_0" arrivalPos="492.80" arrivalSpeed="8.80" duration="189.80" routeLength="995.69" waitingTime="11.20" waitingCount="1" stopTime="0.00" timeLoss="89.85" rerouteNo="0" devices="tripinfo_v.14.a.1" vType="vtypeauto" speedFactor="1.00" vaporized=""/>
    <tripinfo id="v.16.d.2" depart="192.10" departLane="e4_0" departPos="4.10" departSpeed="0.00" departDelay="0.00" arrival="359.20" arrivalLane="e7_0" arrivalPos="492.80" arrivalSpeed="8.00" duration="167.10" routeLength="990.53" waitingTime="14.10" waitingCount="1" stopTime="0.00" timeLoss="67.51" rerouteNo="0" devices="tripinfo_v.16.d.2" vType="vtypeauto" speedFactor="0.99" vaporized=""/>
    <tripinfo id="v.9.b.2" depart="108.10" departLane="e2_0" departPos="4.10" departSpeed="0.00" departDelay="0.00" arrival="371.30" arrivalLane="e5_0" arrivalPos="492.80" arrivalSpeed="4.00" duration="263.20" routeLength="990.53" waitingTime="14.10" waitingCount="1" stopTime="0.00" timeLoss="163.59" rerouteNo="0" devices="tripinfo_v.9.b.2" vType="vtypeauto" speedFactor="0.97" vaporized=""/>
    <tripinfo id="v.11.c.2" depart="134.40" departLane="e3_0" departPos="4.10" departSpeed="0.00" departDelay="2.30" arrival="371.30" arrivalLane="e6_0" arrivalPos="492.80" arrivalSpeed="5.00" duration="236.90" routeLength="990.53" waitingTime="12.60" waitingCount="1" stopTime="0.00" timeLoss="137.46" rerouteNo="0" devices="tripinfo_v.11.c.2" vType="vtypeauto" speedFactor="1.09" vaporized=""/>
    <tripinfo id="v.10.b.2" depart="120.10" departLane="e2_0" departPos="4.10" departSpeed="0.00" departDelay="0.00" arrival="372.90" arrivalLane="e5_0" arrivalPos="492.80" arrivalSpeed="8.00" duration="252.80" routeLength="990.53" waitingTime="23.90" waitingCount="2" stopTime="0.00" timeLoss="153.30" rerouteNo="0" devices="tripinfo_v.10.b.2" vType="vtypeauto" speedFactor="1.03" vaporized=""/>
    <tripinfo id="v.12.c.2" depart="146.20" departLane="e3_0" departPos="4.10" departSpeed="0.00" departDelay="2.10" arrival="372.90" arrivalLane="e6_0" arrivalPos="492.80" arrivalSpeed="9.00" duration="226.70" routeLength="990.53" waitingTime="7.90" waitingCount="1" stopTime="0.00" timeLoss="127.30" rerouteNo="0" devices="tripinfo_v.12.c.2" vType="vtypeauto" speedFactor="1.17" vaporized=""/>
    <tripinfo id="v.19.b.1" depart="228.10" departLane="e2_0" departPos="4.10" departSpeed="0.00" departDelay="0.00" arrival="373.10" arrivalLane="e7_0" arrivalPos="492.80" arrivalSpeed="8.00" duration="145.00" routeLength="995.69" waitingTime="3.10" waitingCount="1" stopTime="0.00" timeLoss="45.05" rerouteNo="0" devices="tripinfo_v.19.b.1" vType="vtypeauto" speedFactor="1.02" vaporized=""/>
    <tripinfo id="v.12.b.2" depart="146.20" departLane="e2_0" departPos="4.10" departSpeed="0.00" departDelay="2.10" arrival="374.50" arrivalLane="e5_0" arrivalPos="492.80" arrivalSpeed="8.00" duration="228.30" routeLength="990.53" waitingTime="28.50" waitingCount="3" stopTime="0.00" timeLoss="128.52" rerouteNo="0" devices="tripinfo_v.12.b.2" vType="vtypeauto" speedFactor="0.85" vaporized=""/>
    <tripinfo id="v.9.b.3" depart="110.40" departLane="e2_0" departPos="4.10" departSpeed="0.00" departDelay="2.30" arrival="375.00" arrivalLane="e8_0" arrivalPos="492.80" arrivalSpeed="4.00" duration="264.60" routeLength="995.90" waitingTime="10.90" waitingCount="1" stopTime="0.00" timeLoss="165.02" rerouteNo="0" devices="tripinfo_v.9.b.3" vType="vtypeauto" speedFactor="1.18" vaporized=""/>
    <tripinfo id="v.10.c.1" depart="120.10" departLane="e3_0" departPos="4.10" departSpeed="0.00" departDelay="0.00" arrival="377.70" arrivalLane="e8_0" arrivalPos="492.80" arrivalSpeed="4.00" duration="257.60" routeLength="995.69" waitingTime="7.10" waitingCount="1" stopTime="0.00" timeLoss="157.57" rerouteNo="0" devices="tripinfo_v.10.c.1" vType="vtypeauto" speedFactor="0.96" vaporized=""/>
    <tripinfo id="v.15.d.3" depart="180.10" departLane="e4_0" departPos="4.10" departSpeed="0.00" departDelay="0.00" arrival="380.10" arrivalLane="e6_0" arrivalPos="492.80" arrivalSpeed="5.00" duration="200.00" routeLength="995.90" waitingTime="0.00" waitingCount="0" stopTime="0.00" timeLoss="100.39" rerouteNo="0" devices="tripinfo_v.15.d.3" vType="vtypeauto" speedFactor="1.08" vaporized=""/>
    <tripinfo id="v.11.c.1" depart="132.10" departLane="e3_0" departPos="4.10" departSpeed="0.00" departDelay="0.00" arrival="381.70" arrivalLane="e8_0" arrivalPos="492.80" arrivalSpeed="4.00" duration="249.60" routeLength="995.69" waitingTime="0.00" waitingCount="0" stopTime="0.00" timeLoss="149.72" rerouteNo="0" devices="tripinfo_v.11.c.1" vType="vtypeauto" speedFactor="1.04" vaporized=""/>
    <tripinfo id="v.12.c.1" depart="144.10" departLane="e3_0" departPos="4.10" departSpeed="0.00" departDelay="0.00" arrival="383.30" arrivalLane="e8_0" arrivalPos="492.80" arrivalSpeed="8.80" duration="239.20" routeLength="995.69" waitingTime="9.40" waitingCount="1" stopTime="0.00" timeLoss="138.96" rerouteNo="0" devices="tripinfo_v.12.c.1" vType="vtypeauto" speedFactor="0.85" vaporized=""/>
    <tripinfo id="v.15.b.3" depart="180.10" departLane="e2_0" departPos="4.10" departSpeed="0.00" departDelay="0.00" arrival="389.30" arrivalLane="e8_0" arrivalPos="492.80" arrivalSpeed="5.00" duration="209.20" routeLength="995.90" waitingTime="5.20" waitingCount="1" stopTime="0.00" timeLoss="109.62" rerouteNo="0" devices="tripinfo_v.15.b.3" vType="vtypeauto" speedFactor="1.02" vaporized=""/>
    <tripinfo id="v.17.b.3" depart="204.10" departLane="e2_0" departPos="4.10" departSpeed="0.00" departDelay="0.00" arrival="391.30" arrivalLane="e8_0" arrivalPos="492.80" arrivalSpeed="6.00" duration="187.20" routeLength="995.90" waitingTime="14.60" waitingCount="1" stopTime="0.00" timeLoss="87.58" rerouteNo="0" devices="tripinfo_v.17.b.3" vType="vtypeauto" speedFactor="0.88" vaporized=""/>
    <tripinfo id="v.18.b.2" depart="216.10" departLane="e2_0" departPos="4.10" departSpeed="0.00" departDelay="0.00" arrival="391.40" arrivalLane="e5_0" arrivalPos="492.80" arrivalSpeed="6.00" duration="175.30" routeLength="990.53" waitingTime="4.70" waitingCount="1" stopTime="0.00" timeLoss="75.79" rerouteNo="0" devices="tripinfo_v.18.b.2" vType="vtypeauto" speedFactor="1.04" vaporized=""/>
    <tripinfo id="v.15.c.3" depart="180.10" departLane="e3_0" departPos="4.10" departSpeed="0.00" departDelay="0.00" arrival="392.90" arrivalLane="e5_0" arrivalPos="492.80" arrivalSpeed="10.00" duration="212.80" routeLength="995.90" waitingTime="14.30" waitingCount="1" stopTime="0.00" timeLoss="113.17" rerouteNo="0" devices="tripinfo_v.15.c.3" vType="vtypeauto" speedFactor="0.97" vaporized=""/>
    <tripinfo id="v.17.c.3" depart="204.10" departLane="e3_0" departPos="4.10" departSpeed="0.00" departDelay="0.00" arrival="394.50" arrivalLane="e5_0" arrivalPos="492.80" arrivalSpeed="9.00" duration="190.40" routeLength="995.90" waitingTime="11.10" waitingCount="1" stopTime="0.00" timeLoss="90.74" rerouteNo="0" devices="tripinfo_v.17.c.3" vType="vtypeauto" speedFactor="0.91" vaporized=""/>
    <tripinfo id="v.16.a.2" depart="194.40" departLane="e1_0" departPos="4.10" departSpeed="0.00" departDelay="2.30" arrival="395.50" arrivalLane="e8_0" arrivalPos="492.80" arrivalSpeed="7.00" duration="201.10" routeLength="990.53" waitingTime="1.80" waitingCount="1" stopTime="0.00" timeLoss="101.62" rerouteNo="0" devices="tripinfo_v.16.a.2" vType="vtypeauto" speedFactor="1.02" vaporized=""/>
    <tripinfo id="v.19.a.3" depart="228.10" departLane="e1_0" departPos="4.10" departSpeed="0.00" departDelay="0.00" arrival="400.20" arrivalLane="e7_0" arrivalPos="492.80" arrivalSpeed="9.00" duration="172.10" routeLength="995.90" waitingTime="9.90" waitingCount="1" stopTime="0.00" timeLoss="72.49" rerouteNo="0" devices="tripinfo_v.19.a.3" vType="vtypeauto" speedFactor="1.02" vaporized=""/>
    <tripinfo id="v.13.c.2" depart="156.10" departLane="e3_0" departPos="4.10" departSpeed="0.00" departDelay="0.00" arrival="416.30" arrivalLane="e6_0" arrivalPos="492.80" arrivalSpeed="4.00" duration="260.20" routeLength="990.53" waitingTime="11.10" waitingCount="1" stopTime="0.00" timeLoss="160.75" rerouteNo="0" devices="tripinfo_v.13.c.2" vType="vtypeauto" speedFactor="1.10" vaporized=""/>
    <tripinfo id="v.17.d.1" depart="204.10" departLane="e4_0" departPos="4.10" departSpeed="0.00" departDelay="0.00" arrival="417.30" arrivalLane="e5_0" arrivalPos="492.80" arrivalSpeed="5.00" duration="213.20" routeLength="995.69" waitingTime="12.20" waitingCount="1" stopTime="0.00" timeLoss="113.10" rerouteNo="0" devices="tripinfo_v.17.d.1" vType="vtypeauto" speedFactor="0.91" vaporized=""/>
    <tripinfo id="v.14.c.2" depart="168.10" departLane="e3_0" departPos="4.10" departSpeed="0.00" departDelay="0.00" arrival="418.90" arrivalLane="e6_0" arrivalPos="492.80" arrivalSpeed="4.00" duration="250.80" routeLength="990.53" waitingTime="0.00" waitingCount="0" stopTime="0.00" timeLoss="151.41" rerouteNo="0" devices="tripinfo_v.14.c.2" vType="vtypeauto" speedFactor="1.14" vaporized=""/>
    <tripinfo id="v.19.d.1" depart="228.10" departLane="e4_0" departPos="4.10" departSpeed="0.00" departDelay="0.00" arrival="418.90" arrivalLane="e5_0" arrivalPos="492.80" arrivalSpeed="9.80" duration="190.80" routeLength="995.69" waitingTime="8.90" waitingCount="1" stopTime="0.00" timeLoss="90.70" rerouteNo="0" devices="tripinfo_v.19.d.1" vType="vtypeauto" speedFactor="0.94" vaporized=""/>
    <tripinfo id="v.19.b.2" depart="230.20" departLane="e2_0" departPos="4.10" departSpeed="0.00" departDelay="2.10" arrival="421.20" arrivalLane="e5_0" arrivalPos="492.80" arrivalSpeed="6.00" duration="191.00" routeLength="990.53" waitingTime="12.20" waitingCount="1" stopTime="0.00" timeLoss="91.41" rerouteNo="0" devices="tripinfo_v.19.b.2" vType="vtypeauto" speedFactor="0.97" vaporized=""/>
    <tripinfo id="v.22.c.3" depart="266.20" departLane="e3_0" departPos="4.10" departSpeed="0.00" departDelay="2.10" arrival="439.40" arrivalLane="e5_0" arrivalPos="492.80" arrivalSpeed="6.00" duration="173.20" routeLength="995.90" waitingTime="0.00" waitingCount="0" stopTime="0.00" timeLoss="73.59" rerouteNo="0" devices="tripinfo_v.22.c.3" vType="vtypeauto" speedFactor="1.15" vaporized=""/>
    <tripinfo id="v.20.b.1" depart="240.10" departLane="e2_0" departPos="4.10" departSpeed="0.00" departDelay="0.00" arrival="447.30" arrivalLane="e7_0" arrivalPos="492.80" arrivalSpeed="5.00" duration="207.20" routeLength="995.69" waitingTime="6.20" waitingCount="1" stopTime="0.00" timeLoss="107.24" rerouteNo="0" devices="tripinfo_v.20.b.1" vType="vtypeauto" speedFactor="0.98" vaporized=""/>
    <tripinfo id="v.16.a.1" depart="192.10" departLane="e1_0" departPos="4.10" departSpeed="0.00" departDelay="0.00" arrival="447.90" arrivalLane="e6_0" arrivalPos="492.80" arrivalSpeed="4.00" duration="255.80" routeLength="995.69" waitingTime="5.10" waitingCount="1" stopTime="0.00" timeLoss="156.06" rerouteNo="0" devices="tripinfo_v.16.a.1" vType="vtypeauto" speedFactor="1.12" vaporized=""/>
    <tripinfo id="v.21.d.1" depart="252.10" departLane="e4_0" departPos="4.10" departSpeed="0.00" departDelay="0.00" arrival="448.60" arrivalLane="e5_0" arrivalPos="492.80" arrivalSpeed="7.00" duration="196.50" routeLength="995.69" waitingTime="14.50" waitingCount="1" stopTime="0.00" timeLoss="96.52" rerouteNo="0" devices="tripinfo_v.21.d.1" vType="vtypeauto" speedFactor="1.00" vaporized=""/>
    <tripinfo id="v.21.c.2" depart="252.10" departLane="e3_0" departPos="4.10" departSpeed="0.00" departDelay="0.00" arrival="451.00" arrivalLane="e6_0" arrivalPos="492.80" arrivalSpeed="5.00" duration="198.90" routeLength="990.53" waitingTime="0.00" waitingCount="0" stopTime="0.00" timeLoss="99.41" rerouteNo="0" devices="tripinfo_v.21.c.2" vType="vtypeauto" speedFactor="1.03" vaporized=""/>
    <tripinfo id="v.20.d.3" depart="240.10" departLane="e4_0" departPos="4.10" departSpeed="0.00" departDelay="0.00" arrival="452.80" arrivalLane="e6_0" arrivalPos="492.80" arrivalSpeed="7.00" duration="212.70" routeLength="995.90" waitingTime="0.00" waitingCount="0" stopTime="0.00" timeLoss="113.05" rerouteNo="0" devices="tripinfo_v.20.d.3" vType="vtypeauto" speedFactor="1.03" vaporized=""/>
    <tripinfo id="v.20.a.1" depart="240.10" departLane="e1_0" departPos="4.10" departSpeed="0.00" departDelay="0.00" arrival="462.30" arrivalLane="e6_0" arrivalPos="492.80" arrivalSpeed="5.00" duration="222.20" routeLength="995.69" waitingTime="16.30" waitingCount="2" stopTime="0.00" timeLoss="122.18" rerouteNo="0" devices="tripinfo_v.20.a.1" vType="vtypeauto" speedFactor="0.96" vaporized=""/>
    <tripinfo id="v.22.d.1" depart="264.10" departLane="e4_0" departPos="4.10" departSpeed="0.00" departDelay="0.00" arrival="462.30" arrivalLane="e5_0" arrivalPos="492.80" arrivalSpeed="6.00" duration="198.20" routeLength="995.69" waitingTime="11.30" waitingCount="1" stopTime="0.00" timeLoss="98.21" rerouteNo="0" devices="tripinfo_v.22.d.1" vType="vtypeauto" speedFactor="0.98" vaporized=""/>
    <tripinfo id="v.21.b.2" depart="254.40" departLane="e2_0" departPos="4.10" departSpeed="0.00" departDelay="2.30" arrival="464.10" arrivalLane="e5_0" arrivalPos="492.80" arrivalSpeed="7.00" duration="209.70" routeLength="990.53" waitingTime="6.90" waitingCount="1" stopTime="0.00" timeLoss="110.13" rerouteNo="0" devices="tripinfo_v.21.b.2" vType="vtypeauto" speedFactor="1.01" vaporized=""/>
    <tripinfo id="v.17.a.2" depart="204.10" departLane="e1_0" departPos="4.10" departSpeed="0.00" departDelay="0.00" arrival="466.30" arrivalLane="e8_0" arrivalPos="492.80" arrivalSpeed="4.00" duration="262.20" routeLength="990.53" waitingTime="13.10" waitingCount="1" stopTime="0.00" timeLoss="162.54" rerouteNo="0" devices="tripinfo_v.17.a.2" vType="vtypeauto" speedFactor="0.94" vaporized=""/>
    <tripinfo id="v.22.c.1" depart="264.10" departLane="e3_0" departPos="4.10" departSpeed="0.00" departDelay="0.00" arrival="468.10" arrivalLane="e8_0" arrivalPos="492.80" arrivalSpeed="6.00" duration="204.00" routeLength="995.69" waitingTime="0.00" waitingCount="0" stopTime="0.00" timeLoss="104.03" rerouteNo="0" devices="tripinfo_v.22.c.1" vType="vtypeauto" speedFactor="0.97" vaporized=""/>
    <tripinfo id="v.21.b.3" depart="256.90" departLane="e2_0" departPos="4.10" departSpeed="0.00" departDelay="4.80" arrival="469.70" arrivalLane="e8_0" arrivalPos="492.80" arrivalSpeed="9.00" duration="212.80" routeLength="995.90" waitingTime="19.80" waitingCount="2" stopTime="0.00" timeLoss="113.14" rerouteNo="0" devices="tripinfo_v.21.b.3" vType="vtypeauto" speedFactor="1.09" vaporized=""/>
    <tripinfo id="v.22.b.2" depart="264.10" departLane="e2_0" departPos="4.10" departSpeed="0.00" departDelay="0.00" arrival="470.80" arrivalLane="e5_0" arrivalPos="492.80" arrivalSpeed="8.00" duration="206.70" routeLength="990.53" waitingTime="15.50" waitingCount="2" stopTime="0.00" timeLoss="107.15" rerouteNo="0" devices="tripinfo_v.22.b.2" vType="vtypeauto" speedFactor="1.02" vaporized=""/>
    <tripinfo id="v.23.b.2" depart="276.10" departLane="e2_0" departPos="4.10" departSpeed="0.00" departDelay="0.00" arrival="472.60" arrivalLane="e5_0" arrivalPos="492.80" arrivalSpeed="8.00" duration="196.50" routeLength="990.53" waitingTime="13.00" waitingCount="2" stopTime="0.00" timeLoss="96.97" rerouteNo="0" devices="tripinfo_v.23.b.2" vType="vtypeauto" speedFactor="1.01" vaporized=""/>
    <tripinfo id="v.19.d.2" depart="230.20" departLane="e4_0" departPos="4.10" departSpeed="0.00" departDelay="2.10" arrival="481.30" arrivalLane="e7_0" arrivalPos="492.80" arrivalSpeed="4.00" duration="251.10" routeLength="990.53" waitingTime="2.00" waitingCount="1" stopTime="0.00" timeLoss="151.60" rerouteNo="0" devices="tripinfo_v.19.d.2" vType="vtypeauto" speedFactor="1.06" vaporized=""/>
    <tripinfo id="v.23.a.1" depart="276.10" departLane="e1_0" departPos="4.10" departSpeed="0.00" departDelay="0.00" arrival="482.30" arrivalLane="e6_0" arrivalPos="492.80" arrivalSpeed="5.00" duration="206.20" routeLength="995.69" waitingTime="5.20" waitingCount="1" stopTime="0.00" timeLoss="106.34" rerouteNo="0" devices="tripinfo_v.23.a.1" vType="vtypeauto" speedFactor="1.04" vaporized=""/>
    <tripinfo id="v.22.d.2" depart="266.20" departLane="e4_0" departPos="4.10" departSpeed="0.00" departDelay="2.10" arrival="482.90" arrivalLane="e7_0" arrivalPos="492.80" arrivalSpeed="8.80" duration="216.70" routeLength="990.53" waitingTime="9.90" waitingCount="1" stopTime="0.00" timeLoss="117.14" rerouteNo="0" devices="tripinfo_v.22.d.2" vType="vtypeauto" speedFactor="1.00" vaporized=""/>
    <tripinfo id="v.24.a.1" depart="288.10" departLane="e1_0" departPos="4.10" departSpeed="0.00" departDelay="0.00" arrival="483.90" arrivalLane="e6_0" arrivalPos="492.80" arrivalSpeed="9.80" duration="195.80" routeLength="995.69" waitingTime="1.80" waitingCount="1" stopTime="0.00" timeLoss="95.84" rerouteNo="0" devices="tripinfo_v.24.a.1" vType="vtypeauto" speedFactor="1.02" vaporized=""/>
    <tripinfo id="v.23.c.2" depart="276.80" departLane="e3_0" departPos="4.10" departSpeed="0.00" departDelay="0.70" arrival="491.30" arrivalLane="e6_0" arrivalPos="492.80" arrivalSpeed="5.00" duration="214.50" routeLength="990.53" waitingTime="14.50" waitingCount="1" stopTime="0.00" timeLoss="114.98" rerouteNo="0" devices="tripinfo_v.23.c.2" vType="vtypeauto" speedFactor="1.02" vaporized=""/>
    <tripinfo id="v.25.d.3" depart="300.10" departLane="e4_0" departPos="4.10" departSpeed="0.00" departDelay="0.00" arrival="493.00" arrivalLane="e6_0" arrivalPos="492.80" arrivalSpeed="7.00" duration="192.90" routeLength="995.90" waitingTime="17.80" waitingCount="2" stopTime="0.00" timeLoss="93.30" rerouteNo="0" devices="tripinfo_v.25.d.3" vType="vtypeauto" speedFactor="1.06" vaporized=""/>
    <tripinfo id="v.25.c.2" depart="300.10" departLane="e3_0" departPos="4.10" departSpeed="0.00" departDelay="0.00" arrival="497.10" arrivalLane="e6_0" arrivalPos="492.80" arrivalSpeed="6.00" duration="197.00" routeLength="990.53" waitingTime="0.00" waitingCount="0" stopTime="0.00" timeLoss="97.58" rerouteNo="0" devices="tripinfo_v.25.c.2" vType="vtypeauto" speedFactor="1.09" vaporized=""/>
    <tripinfo id="v.26.b.2" depart="312.10" departLane="e2_0" departPos="4.10" departSpeed="0.00" departDelay="0.00" arrival="499.50" arrivalLane="e5_0" arrivalPos="492.80" arrivalSpeed="7.00" duration="187.40" routeLength="990.53" waitingTime="19.00" waitingCount="3" stopTime="0.00" timeLoss="87.97" rerouteNo="0" devices="tripinfo_v.26.b.2" vType="vtypeauto" speedFactor="1.10" vaporized=""/>
    <tripinfo id="v.27.d.1" depart="324.10" departLane="e4_0" departPos="4.10" departSpeed="0.00" departDelay="0.00" arrival="502.00" arrivalLane="e5_0" arrivalPos="492.80" arrivalSpeed="8.00" duration="177.90" routeLength="995.69" waitingTime="0.00" waitingCount="0" stopTime="0.00" timeLoss="78.10" rerouteNo="0" devices="tripinfo_v.27.d.1" vType="vtypeauto" speedFactor="1.07" vaporized=""/>
    <tripinfo id="v.21.b.1" depart="252.10" departLane="e2_0" departPos="4.10" departSpeed="0.00" departDelay="0.00" arrival="512.90" arrivalLane="e7_0" arrivalPos="492.80" arrivalSpeed="4.00" duration="260.80" routeLength="995.69" waitingTime="10.10" waitingCount="1" stopTime="0.00" timeLoss="160.84" rerouteNo="0" devices="tripinfo_v.21.b.1" vType="vtypeauto" speedFactor="0.98" vaporized=""/>
    <tripinfo id="v.25.a.3" depart="300.10" departLane="e1_0" departPos="4.10" departSpeed="0.00" departDelay="0.00" arrival="515.00" arrivalLane="e7_0" arrivalPos="492.80" arrivalSpeed="5.00" duration="214.90" routeLength="995.90" waitingTime="1.20" waitingCount="1" stopTime="0.00" timeLoss="115.31" rerouteNo="0" devices="tripinfo_v.25.a.3" vType="vtypeauto" speedFactor="0.83" vaporized=""/>
    <tripinfo id="v.25.b.1" depart="300.10" departLane="e2_0" departPos="4.10" departSpeed="0.00" departDelay="0.00" arrival="516.70" arrivalLane="e7_0" arrivalPos="492.80" arrivalSpeed="7.00" duration="216.60" routeLength="995.69" waitingTime="24.30" waitingCount="3" stopTime="0.00" timeLoss="116.55" rerouteNo="0" devices="tripinfo_v.25.b.1" vType="vtypeauto" speedFactor="0.92" vaporized=""/>
    <tripinfo id="v.26.c.2" depart="312.10" departLane="e3_0" departPos="4.10" departSpeed="0.00" departDelay="0.00" arrival="531.30" arrivalLane="e6_0" arrivalPos="492.80" arrivalSpeed="5.00" duration="219.20" routeLength="990.53" waitingTime="14.30" waitingCount="1" stopTime="0.00" timeLoss="119.74" rerouteNo="0" devices="tripinfo_v.26.c.2" vType="vtypeauto" speedFactor="1.06" vaporized=""/>
    <tripinfo id="v.24.c.1" depart="288.10" departLane="e3_0" departPos="4.10" departSpeed="0.00" departDelay="0.00" arrival="537.70" arrivalLane="e8_0" arrivalPos="492.80" arrivalSpeed="4.00" duration="249.60" routeLength="995.69" waitingTime="0.00" waitingCount="0" stopTime="0.00" timeLoss="149.43" rerouteNo="0" devices="tripinfo_v.24.c.1" vType="vtypeauto" speedFactor="0.89" vaporized=""/>
    <tripinfo id="v.33.b.2" depart="396.10" departLane="e2_0" departPos="4.10" departSpeed="0.00" departDelay="0.00" arrival="538.80" arrivalLane="e5_0" arrivalPos="492.80" arrivalSpeed="7.00" duration="142.70" routeLength="990.53" waitingTime="0.00" waitingCount="0" stopTime="0.00" timeLoss="43.21" rerouteNo="0" devices="tripinfo_v.33.b.2" vType="vtypeauto" speedFactor="1.03" vaporized=""/>
    <tripinfo id="v.28.b.3" depart="336.10" departLane="e2_0" departPos="4.10" departSpeed="0.00" departDelay="0.00" arrival="539.50" arrivalLane="e8_0" arrivalPos="492.80" arrivalSpeed="6.00" duration="203.40" routeLength="995.90" waitingTime="6.30" waitingCount="1" stopTime="0.00" timeLoss="103.81" rerouteNo="0" devices="tripinfo_v.28.b.3" vType="vtypeauto" speedFactor="1.01" vaporized=""/>
    <tripinfo id="v.26.a.2" depart="314.40" departLane="e1_0" departPos="4.10" departSpeed="0.00" departDelay="2.30" arrival="541.30" arrivalLane="e8_0" arrivalPos="492.80" arrivalSpeed="7.00" duration="226.90" routeLength="990.53" waitingTime="1.80" waitingCount="1" stopTime="0.00" timeLoss="127.18" rerouteNo="0" devices="tripinfo_v.26.a.2" vType="vtypeauto" speedFactor="0.91" vaporized=""/>
    <tripinfo id="v.31.b.3" depart="375.00" departLane="e2_0" departPos="4.10" departSpeed="0.00" departDelay="2.90" arrival="542.80" arrivalLane="e8_0" arrivalPos="492.80" arrivalSpeed="9.00" duration="167.80" routeLength="995.90" waitingTime="0.00" waitingCount="0" stopTime="0.00" timeLoss="68.18" rerouteNo="0" devices="tripinfo_v.31.b.3" vType="vtypeauto" speedFactor="0.94" vaporized=""/>
    <tripinfo id="v.28.c.3" depart="338.20" departLane="e3_0" departPos="4.10" departSpeed="0.00" departDelay="2.10" arrival="543.70" arrivalLane="e5_0" arrivalPos="492.80" arrivalSpeed="7.00" duration="205.50" routeLength="995.90" waitingTime="14.60" waitingCount="1" stopTime="0.00" timeLoss="105.85" rerouteNo="0" devices="tripinfo_v.28.c.3" vType="vtypeauto" speedFactor="1.06" vaporized=""/>
    <tripinfo id="v.28.c.1" depart="336.10" departLane="e3_0" departPos="4.10" departSpeed="0.00" departDelay="0.00" arrival="554.70" arrivalLane="e8_0" arrivalPos="492.80" arrivalSpeed="5.00" duration="218.60" routeLength="995.69" waitingTime="0.00" waitingCount="0" stopTime="0.00" timeLoss="118.72" rerouteNo="0" devices="tripinfo_v.28.c.1" vType="vtypeauto" speedFactor="1.03" vaporized=""/>
    <tripinfo id="v.27.a.2" depart="324.10" departLane="e1_0" departPos="4.10" departSpeed="0.00" departDelay="0.00" arrival="556.60" arrivalLane="e8_0" arrivalPos="492.80" arrivalSpeed="6.00" duration="232.50" routeLength="990.53" waitingTime="11.40" waitingCount="1" stopTime="0.00" timeLoss="132.94" rerouteNo="0" devices="tripinfo_v.27.a.2" vType="vtypeauto" speedFactor="0.97" vaporized=""/>
    <tripinfo id="v.29.c.1" depart="348.10" departLane="e3_0" departPos="4.10" departSpeed="0.00" departDelay="0.00" arrival="558.10" arrivalLane="e8_0" arrivalPos="492.80" arrivalSpeed="10.00" duration="210.00" routeLength="995.69" waitingTime="11.40" waitingCount="1" stopTime="0.00" timeLoss="109.79" rerouteNo="0" devices="tripinfo_v.29.c.1" vType="vtypeauto" speedFactor="0.87" vaporized=""/>
    <tripinfo id="v.26.d.2" depart="312.10" departLane="e4_0" departPos="4.10" departSpeed="0.00" departDelay="0.00" arrival="561.30" arrivalLane="e7_0" arrivalPos="492.80" arrivalSpeed="4.00" duration="249.20" routeLength="990.53" waitingTime="0.10" waitingCount="1" stopTime="0.00" timeLoss="149.57" rerouteNo="0" devices="tripinfo_v.26.d.2" vType="vtypeauto" speedFactor="0.96" vaporized=""/>
    <tripinfo id="v.30.b.1" depart="360.10" departLane="e2_0" departPos="4.10" departSpeed="0.00" departDelay="0.00" arrival="562.90" arrivalLane="e7_0" arrivalPos="492.80" arrivalSpeed="8.80" duration="202.80" routeLength="995.69" waitingTime="18.00" waitingCount="2" stopTime="0.00" timeLoss="102.70" rerouteNo="0" devices="tripinfo_v.30.b.1" vType="vtypeauto" speedFactor="0.92" vaporized=""/>
    <tripinfo id="v.31.b.1" depart="372.90" departLane="e2_0" departPos="4.10" departSpeed="0.00" departDelay="0.80" arrival="564.70" arrivalLane="e7_0" arrivalPos="492.80" arrivalSpeed="7.00" duration="191.80" routeLength="995.69" waitingTime="0.00" waitingCount="0" stopTime="0.00" timeLoss="91.96" rerouteNo="0" devices="tripinfo_v.31.b.1" vType="vtypeauto" speedFactor="1.07" vaporized=""/>
    <tripinfo id="v.26.a.3" depart="316.90" departLane="e1_0" departPos="4.10" departSpeed="0.00" departDelay="4.80" arrival="566.90" arrivalLane="e7_0" arrivalPos="492.80" arrivalSpeed="6.00" duration="250.00" routeLength="995.90" waitingTime="14.60" waitingCount="1" stopTime="0.00" timeLoss="150.40" rerouteNo="0" devices="tripinfo_v.26.a.3" vType="vtypeauto" speedFactor="1.12" vaporized=""/>
    <tripinfo id="v.26.a.1" depart="312.10" departLane="e1_0" departPos="4.10" departSpeed="0.00" departDelay="0.00" arrival="567.50" arrivalLane="e6_0" arrivalPos="492.80" arrivalSpeed="4.00" duration="255.40" routeLength="995.69" waitingTime="5.10" waitingCount="1" stopTime="0.00" timeLoss="155.50" rerouteNo="0" devices="tripinfo_v.26.a.1" vType="vtypeauto" speedFactor="1.01" vaporized=""/>
    <tripinfo id="v.27.c.2" depart="324.40" departLane="e3_0" departPos="4.10" departSpeed="0.00" departDelay="0.30" arrival="576.30" arrivalLane="e6_0" arrivalPos="492.80" arrivalSpeed="4.00" duration="251.90" routeLength="990.53" waitingTime="2.80" waitingCount="1" stopTime="0.00" timeLoss="152.16" rerouteNo="0" devices="tripinfo_v.27.c.2" vType="vtypeauto" speedFactor="0.89" vaporized=""/>
    <tripinfo id="v.28.d.3" depart="336.10" departLane="e4_0" departPos="4.10" departSpeed="0.00" departDelay="0.00" arrival="585.70" arrivalLane="e6_0" arrivalPos="492.80" arrivalSpeed="4.00" duration="249.60" routeLength="995.90" waitingTime="0.00" waitingCount="0" stopTime="0.00" timeLoss="150.01" rerouteNo="0" devices="tripinfo_v.28.d.3" vType="vtypeauto" speedFactor="0.96" vaporized=""/>
    <tripinfo id="v.31.c.2" depart="373.10" departLane="e3_0" departPos="4.10" departSpeed="0.00" departDelay="1.00" arrival="587.30" arrivalLane="e6_0" arrivalPos="492.80" arrivalSpeed="8.80" duration="214.20" routeLength="990.53" waitingTime="10.00" waitingCount="1" stopTime="0.00" timeLoss="114.81" rerouteNo="0" devices="tripinfo_v.31.c.2" vType="vtypeauto" speedFactor="1.10" vaporized=""/>
    <tripinfo id="v.33.c.1" depart="396.10" departLane="e3_0" departPos="4.10" departSpeed="0.00" departDelay="0.00" arrival="596.10" arrivalLane="e8_0" arrivalPos="492.80" arrivalSpeed="5.00" duration="200.00" routeLength="995.69" waitingTime="0.00" waitingCount="0" stopTime="0.00" timeLoss="99.66" rerouteNo="0" devices="tripinfo_v.33.c.1" vType="vtypeauto" speedFactor="0.82" vaporized=""/>
    <tripinfo id="v.31.a.2" depart="372.10" departLane="e1_0" departPos="4.10" departSpeed="0.00" departDelay="0.00" arrival="597.60" arrivalLane="e8_0" arrivalPos="492.80" arrivalSpeed="9.50" duration="225.50" routeLength="990.53" waitingTime="26.90" waitingCount="3" stopTime="0.00" timeLoss="125.95" rerouteNo="0" devices="tripinfo_v.31.a.2" vType="vtypeauto" speedFactor="0.99" vaporized=""/>
    <tripinfo id="v.29.d.1" depart="348.10" departLane="e4_0" departPos="4.10" departSpeed="0.00" departDelay="0.00" arrival="602.50" arrivalLane="e5_0" arrivalPos="492.80" arrivalSpeed="4.00" duration="254.40" routeLength="995.69" waitingTime="4.10" waitingCount="1" stopTime="0.00" timeLoss="154.64" rerouteNo="0" devices="tripinfo_v.29.d.1" vType="vtypeauto" speedFactor="1.10" vaporized=""/>
    <tripinfo id="v.35.b.2" depart="420.10" departLane="e2_0" departPos="4.10" departSpeed="0.00" departDelay="0.00" arrival="604.20" arrivalLane="e5_0" arrivalPos="492.80" arrivalSpeed="8.00" duration="184.10" routeLength="990.53" waitingTime="0.00" waitingCount="0" stopTime="0.00" timeLoss="84.54" rerouteNo="0" devices="tripinfo_v.35.b.2" vType="vtypeauto" speedFactor="1.04" vaporized=""/>
    <tripinfo id="v.29.d.3" depart="350.40" departLane="e4_0" departPos="4.10" departSpeed="0.00" departDelay="2.30" arrival="605.00" arrivalLane="e6_0" arrivalPos="492.80" arrivalSpeed="4.00" duration="254.60" routeLength="995.90" waitingTime="0.80" waitingCount="1" stopTime="0.00" timeLoss="155.02" rerouteNo="0" devices="tripinfo_v.29.d.3" vType="vtypeauto" speedFactor="1.01" vaporized=""/>
    <tripinfo id="v.30.d.1" depart="360.10" departLane="e4_0" departPos="4.10" departSpeed="0.00" departDelay="0.00" arrival="605.80" arrivalLane="e5_0" arrivalPos="492.80" arrivalSpeed="8.00" duration="245.70" routeLength="995.69" waitingTime="15.60" waitingCount="2" stopTime="0.00" timeLoss="145.98" rerouteNo="0" devices="tripinfo_v.30.d.1" vType="vtypeauto" speedFactor="1.18" vaporized=""/>
    <tripinfo id="v.29.a.1" depart="348.10" departLane="e1_0" departPos="4.10" departSpeed="0.00" departDelay="0.00" arrival="606.70" arrivalLane="e6_0" arrivalPos="492.80" arrivalSpeed="8.00" duration="258.60" routeLength="995.69" waitingTime="20.10" waitingCount="2" stopTime="0.00" timeLoss="158.49" rerouteNo="0" devices="tripinfo_v.29.a.1" vType="vtypeauto" speedFactor="0.93" vaporized=""/>
    <tripinfo id="v.37.b.2" depart="444.10" departLane="e2_0" departPos="4.10" departSpeed="0.00" departDelay="0.00" arrival="607.20" arrivalLane="e5_0" arrivalPos="492.80" arrivalSpeed="10.00" duration="163.10" routeLength="990.53" waitingTime="9.90" waitingCount="1" stopTime="0.00" timeLoss="63.57" rerouteNo="0" devices="tripinfo_v.37.b.2" vType="vtypeauto" speedFactor="1.00" vaporized=""/>
    <tripinfo id="v.27.a.3" depart="326.20" departLane="e1_0" departPos="4.10" departSpeed="0.00" departDelay="2.10" arrival="607.60" arrivalLane="e7_0" arrivalPos="492.80" arrivalSpeed="4.00" duration="281.40" routeLength="995.90" waitingTime="24.30" waitingCount="2" stopTime="0.00" timeLoss="181.80" rerouteNo="0" devices="tripinfo_v.27.a.3" vType="vtypeauto" speedFactor="0.95" vaporized=""/>
    <tripinfo id="v.32.c.2" depart="384.10" departLane="e3_0" departPos="4.10" departSpeed="0.00" departDelay="0.00" arrival="608.30" arrivalLane="e6_0" arrivalPos="492.80" arrivalSpeed="8.00" duration="224.20" routeLength="990.53" waitingTime="22.30" waitingCount="2" stopTime="0.00" timeLoss="124.69" rerouteNo="0" devices="tripinfo_v.32.c.2" vType="vtypeauto" speedFactor="1.06" vaporized=""/>
    <tripinfo id="v.34.c.3" depart="408.10" departLane="e3_0" departPos="4.10" departSpeed="0.00" departDelay="0.00" arrival="608.80" arrivalLane="e5_0" arrivalPos="492.80" arrivalSpeed="9.00" duration="200.70" routeLength="995.90" waitingTime="13.10" waitingCount="1" stopTime="0.00" timeLoss="101.11" rerouteNo="0" devices="tripinfo_v.34.c.3" vType="vtypeauto" speedFactor="1.07" vaporized=""/>
    <tripinfo id="v.34.b.1" depart="408.10" departLane="e2_0" departPos="4.10" departSpeed="0.00" departDelay="0.00" arrival="609.30" arrivalLane="e7_0" arrivalPos="492.80" arrivalSpeed="7.00" duration="201.20" routeLength="995.69" waitingTime="5.70" waitingCount="1" stopTime="0.00" timeLoss="101.32" rerouteNo="0" devices="tripinfo_v.34.b.1" vType="vtypeauto" speedFactor="1.03" vaporized=""/>
    <tripinfo id="v.31.d.3" depart="374.20" departLane="e4_0" departPos="4.10" departSpeed="0.00" departDelay="2.10" arrival="610.20" arrivalLane="e6_0" arrivalPos="492.80" arrivalSpeed="7.00" duration="236.00" routeLength="995.90" waitingTime="19.40" waitingCount="2" stopTime="0.00" timeLoss="136.37" rerouteNo="0" devices="tripinfo_v.31.d.3" vType="vtypeauto" speedFactor="1.02" vaporized=""/>
    <tripinfo id="v.38.b.2" depart="456.10" departLane="e2_0" departPos="4.10" departSpeed="0.00" departDelay="0.00" arrival="610.50" arrivalLane="e5_0" arrivalPos="492.80" arrivalSpeed="9.00" duration="154.40" routeLength="990.53" waitingTime="12.70" waitingCount="1" stopTime="0.00" timeLoss="54.70" rerouteNo="0" devices="tripinfo_v.38.b.2" vType="vtypeauto" speedFactor="0.94" vaporized=""/>
    <tripinfo id="v.30.a.3" depart="360.10" departLane="e1_0" departPos="4.10" departSpeed="0.00" departDelay="0.00" arrival="610.90" arrivalLane="e7_0" arrivalPos="492.80" arrivalSpeed="8.00" duration="250.80" routeLength="995.90" waitingTime="32.20" waitingCount="3" stopTime="0.00" timeLoss="151.18" rerouteNo="0" devices="tripinfo_v.30.a.3" vType="vtypeauto" speedFactor="1.10" vaporized=""/>
    <tripinfo id="v.37.c.2" depart="444.10" departLane="e3_0" departPos="4.10" departSpeed="0.00" departDelay="0.00" arrival="611.90" arrivalLane="e6_0" arrivalPos="492.80" arrivalSpeed="8.00" duration="167.80" routeLength="990.53" waitingTime="7.90" waitingCount="1" stopTime="0.00" timeLoss="68.15" rerouteNo="0" devices="tripinfo_v.37.c.2" vType="vtypeauto" speedFactor="0.95" vaporized=""/>
    <tripinfo id="v.34.a.3" depart="408.10" departLane="e1_0" departPos="4.10" departSpeed="0.00" departDelay="0.00" arrival="612.80" arrivalLane="e7_0" arrivalPos="492.80" arrivalSpeed="7.00" duration="204.70" routeLength="995.90" waitingTime="12.90" waitingCount="2" stopTime="0.00" timeLoss="105.09" rerouteNo="0" devices="tripinfo_v.34.a.3" vType="vtypeauto" speedFactor="1.01" vaporized=""/>
    <tripinfo id="v.33.d.3" depart="396.10" departLane="e4_0" departPos="4.10" departSpeed="0.00" departDelay="0.00" arrival="613.90" arrivalLane="e6_0" arrivalPos="492.80" arrivalSpeed="7.00" duration="217.80" routeLength="995.90" waitingTime="25.90" waitingCount="3" stopTime="0.00" timeLoss="118.20" rerouteNo="0" devices="tripinfo_v.33.d.3" vType="vtypeauto" speedFactor="1.12" vaporized=""/>
    <tripinfo id="v.30.d.2" depart="362.20" departLane="e4_0" departPos="4.10" departSpeed="0.00" departDelay="2.10" arrival="614.50" arrivalLane="e7_0" arrivalPos="492.80" arrivalSpeed="8.00" duration="252.30" routeLength="990.53" waitingTime="26.30" waitingCount="2" stopTime="0.00" timeLoss="152.71" rerouteNo="0" devices="tripinfo_v.30.d.2" vType="vtypeauto" speedFactor="1.00" vaporized=""/>
    <tripinfo id="v.31.d.2" depart="372.10" departLane="e4_0" departPos="4.10" departSpeed="0.00" departDelay="0.00" arrival="616.20" arrivalLane="e7_0" arrivalPos="492.80" arrivalSpeed="8.00" duration="244.10" routeLength="990.53" waitingTime="21.90" waitingCount="2" stopTime="0.00" timeLoss="144.59" rerouteNo="0" devices="tripinfo_v.31.d.2" vType="vtypeauto" speedFactor="1.03" vaporized=""/>
    <tripinfo id="v.36.a.3" depart="432.10" departLane="e1_0" departPos="4.10" departSpeed="0.00" departDelay="0.00" arrival="617.80" arrivalLane="e7_0" arrivalPos="492.80" arrivalSpeed="9.00" duration="185.70" routeLength="995.90" waitingTime="22.20" waitingCount="2" stopTime="0.00" timeLoss="86.09" rerouteNo="0" devices="tripinfo_v.36.a.3" vType="vtypeauto" speedFactor="1.12" vaporized=""/>
    <tripinfo id="v.32.d.2" depart="384.10" departLane="e4_0" departPos="4.10" departSpeed="0.00" departDelay="0.00" arrival="620.20" arrivalLane="e7_0" arrivalPos="492.80" arrivalSpeed="7.00" duration="236.10" routeLength="990.53" waitingTime="30.90" waitingCount="3" stopTime="0.00" timeLoss="136.74" rerouteNo="0" devices="tripinfo_v.32.d.2" vType="vtypeauto" speedFactor="1.15" vaporized=""/>
    <tripinfo id="v.38.a.3" depart="458.20" departLane="e1_0" departPos="4.10" departSpeed="0.00" departDelay="2.10" arrival="622.10" arrivalLane="e7_0" arrivalPos="492.80" arrivalSpeed="7.00" duration="163.90" routeLength="995.90" waitingTime="0.00" waitingCount="0" stopTime="0.00" timeLoss="64.31" rerouteNo="0" devices="tripinfo_v.38.a.3" vType="vtypeauto" speedFactor="1.16" vaporized=""/>
    <tripinfo id="v.35.c.1" depart="420.10" departLane="e3_0" departPos="4.10" departSpeed="0.00" departDelay="0.00" arrival="632.30" arrivalLane="e8_0" arrivalPos="492.80" arrivalSpeed="5.00" duration="212.20" routeLength="995.69" waitingTime="11.20" waitingCount="1" stopTime="0.00" timeLoss="112.59" rerouteNo="0" devices="tripinfo_v.35.c.1" vType="vtypeauto" speedFactor="1.23" vaporized=""/>
    <tripinfo id="v.38.c.1" depart="456.10" departLane="e3_0" departPos="4.10" departSpeed="0.00" departDelay="0.00" arrival="633.90" arrivalLane="e8_0" arrivalPos="492.80" arrivalSpeed="9.00" duration="177.80" routeLength="995.69" waitingTime="6.40" waitingCount="1" stopTime="0.00" timeLoss="78.03" rerouteNo="0" devices="tripinfo_v.38.c.1" vType="vtypeauto" speedFactor="1.13" vaporized=""/>
    <tripinfo id="v.38.c.3" depart="458.20" departLane="e3_0" departPos="4.10" departSpeed="0.00" departDelay="2.10" arrival="635.60" arrivalLane="e5_0" arrivalPos="492.80" arrivalSpeed="6.00" duration="177.40" routeLength="995.90" waitingTime="9.20" waitingCount="1" stopTime="0.00" timeLoss="77.78" rerouteNo="0" devices="tripinfo_v.38.c.3" vType="vtypeauto" speedFactor="0.73" vaporized=""/>
    <tripinfo id="v.38.a.2" depart="456.10" departLane="e1_0" departPos="4.10" departSpeed="0.00" departDelay="0.00" arrival="636.20" arrivalLane="e8_0" arrivalPos="492.80" arrivalSpeed="6.00" duration="180.10" routeLength="990.53" waitingTime="1.30" waitingCount="1" stopTime="0.00" timeLoss="80.70" rerouteNo="0" devices="tripinfo_v.38.a.2" vType="vtypeauto" speedFactor="1.11" vaporized=""/>
    <tripinfo id="v.40.c.3" depart="482.90" departLane="e3_0" departPos="4.10" departSpeed="0.00" departDelay="2.80" arrival="637.10" arrivalLane="e5_0" arrivalPos="492.80" arrivalSpeed="9.00" duration="154.20" routeLength="995.90" waitingTime="4.10" waitingCount="1" stopTime="0.00" timeLoss="54.62" rerouteNo="0" devices="tripinfo_v.40.c.3" vType="vtypeauto" speedFactor="1.00" vaporized=""/>
    <tripinfo id="v.40.c.1" depart="480.10" departLane="e3_0" departPos="4.10" departSpeed="0.00" departDelay="0.00" arrival="637.70" arrivalLane="e8_0" arrivalPos="492.80" arrivalSpeed="10.00" duration="157.60" routeLength="995.69" waitingTime="5.70" waitingCount="1" stopTime="0.00" timeLoss="57.60" rerouteNo="0" devices="tripinfo_v.40.c.1" vType="vtypeauto" speedFactor="0.96" vaporized=""/>
    <tripinfo id="v.39.a.2" depart="470.80" departLane="e1_0" departPos="4.10" departSpeed="0.00" departDelay="2.70" arrival="639.50" arrivalLane="e8_0" arrivalPos="492.80" arrivalSpeed="8.00" duration="168.70" routeLength="990.53" waitingTime="5.80" waitingCount="1" stopTime="0.00" timeLoss="68.98" rerouteNo="0" devices="tripinfo_v.39.a.2" vType="vtypeauto" speedFactor="0.89" vaporized=""/>
    <tripinfo id="v.41.c.1" depart="492.10" departLane="e3_0" departPos="4.10" departSpeed="0.00" departDelay="0.00" arrival="659.00" arrivalLane="e8_0" arrivalPos="492.80" arrivalSpeed="6.00" duration="166.90" routeLength="995.69" waitingTime="0.00" waitingCount="0" stopTime="0.00" timeLoss="67.08" rerouteNo="0" devices="tripinfo_v.41.c.1" vType="vtypeauto" speedFactor="1.06" vaporized=""/>
    <tripinfo id="v.39.d.1" depart="468.10" departLane="e4_0" departPos="4.10" departSpeed="0.00" departDelay="0.00" arrival="662.50" arrivalLane="e5_0" arrivalPos="492.80" arrivalSpeed="6.00" duration="194.40" routeLength="995.69" waitingTime="17.00" waitingCount="2" stopTime="0.00" timeLoss="94.48" rerouteNo="0" devices="tripinfo_v.39.d.1" vType="vtypeauto" speedFactor="1.00" vaporized=""/>
    <tripinfo id="v.42.c.3" depart="504.10" departLane="e3_0" departPos="4.10" departSpeed="0.00" departDelay="0.00" arrival="664.20" arrivalLane="e5_0" arrivalPos="492.80" arrivalSpeed="8.00" duration="160.10" routeLength="995.90" waitingTime="13.30" waitingCount="1" stopTime="0.00" timeLoss="60.45" rerouteNo="0" devices="tripinfo_v.42.c.3" vType="vtypeauto" speedFactor="1.08" vaporized=""/>
    <tripinfo id="v.43.c.3" depart="518.80" departLane="e3_0" departPos="4.10" departSpeed="0.00" departDelay="2.70" arrival="665.60" arrivalLane="e5_0" arrivalPos="492.80" arrivalSpeed="10.00" duration="146.80" routeLength="995.90" waitingTime="8.20" waitingCount="1" stopTime="0.00" timeLoss="47.21" rerouteNo="0" devices="tripinfo_v.43.c.3" vType="vtypeauto" speedFactor="0.99" vaporized=""/>
    <tripinfo id="v.40.d.1" depart="480.10" departLane="e4_0" departPos="4.10" departSpeed="0.00" departDelay="0.00" arrival="667.30" arrivalLane="e5_0" arrivalPos="492.80" arrivalSpeed="9.00" duration="187.20" routeLength="995.69" waitingTime="29.10" waitingCount="3" stopTime="0.00" timeLoss="87.34" rerouteNo="0" devices="tripinfo_v.40.d.1" vType="vtypeauto" speedFactor="1.07" vaporized=""/>
    <tripinfo id="v.41.d.1" depart="492.10" departLane="e4_0" departPos="4.10" departSpeed="0.00" departDelay="0.00" arrival="669.30" arrivalLane="e5_0" arrivalPos="492.80" arrivalSpeed="8.00" duration="177.20" routeLength="995.69" waitingTime="22.80" waitingCount="3" stopTime="0.00" timeLoss="77.40" rerouteNo="0" devices="tripinfo_v.41.d.1" vType="vtypeauto" speedFactor="1.12" vaporized=""/>
    <tripinfo id="v.36.d.2" depart="432.10" departLane="e4_0" departPos="4.10" departSpeed="0.00" departDelay="0.00" arrival="676.30" arrivalLane="e7_0" arrivalPos="492.80" arrivalSpeed="5.00" duration="244.20" routeLength="990.53" waitingTime="27.50" waitingCount="3" stopTime="0.00" timeLoss="144.67" rerouteNo="0" devices="tripinfo_v.36.d.2" vType="vtypeauto" speedFactor="1.02" vaporized=""/>
    <tripinfo id="v.45.c.3" depart="542.20" departLane="e3_0" departPos="4.10" departSpeed="0.00" departDelay="2.10" arrival="676.30" arrivalLane="e5_0" arrivalPos="492.80" arrivalSpeed="8.00" duration="134.10" routeLength="995.90" waitingTime="0.00" waitingCount="0" stopTime="0.00" timeLoss="34.50" rerouteNo="0" devices="tripinfo_v.45.c.3" vType="vtypeauto" speedFactor="0.98" vaporized=""/>
    <tripinfo id="v.42.d.2" depart="504.10" departLane="e4_0" departPos="4.10" departSpeed="0.00" departDelay="0.00" arrival="677.90" arrivalLane="e7_0" arrivalPos="492.80" arrivalSpeed="9.80" duration="173.80" routeLength="990.53" waitingTime="19.00" waitingCount="3" stopTime="0.00" timeLoss="74.01" rerouteNo="0" devices="tripinfo_v.42.d.2" vType="vtypeauto" speedFactor="0.91" vaporized=""/>
    <tripinfo id="v.34.d.3" depart="408.10" departLane="e4_0" departPos="4.10" departSpeed="0.00" departDelay="0.00" arrival="682.60" arrivalLane="e6_0" arrivalPos="492.80" arrivalSpeed="4.00" duration="274.50" routeLength="995.90" waitingTime="20.30" waitingCount="2" stopTime="0.00" timeLoss="174.89" rerouteNo="0" devices="tripinfo_v.34.d.3" vType="vtypeauto" speedFactor="0.96" vaporized=""/>
    <tripinfo id="v.35.d.3" depart="420.10" departLane="e4_0" departPos="4.10" departSpeed="0.00" departDelay="0.00" arrival="684.30" arrivalLane="e6_0" arrivalPos="492.80" arrivalSpeed="7.00" duration="264.20" routeLength="995.90" waitingTime="15.70" waitingCount="2" stopTime="0.00" timeLoss="164.58" rerouteNo="0" devices="tripinfo_v.35.d.3" vType="vtypeauto" speedFactor="1.01" vaporized=""/>
    <tripinfo id="v.39.a.1" depart="468.10" departLane="e1_0" departPos="4.10" departSpeed="0.00" departDelay="0.00" arrival="686.30" arrivalLane="e6_0" arrivalPos="492.80" arrivalSpeed="6.00" duration="218.20" routeLength="995.69" waitingTime="9.30" waitingCount="1" stopTime="0.00" timeLoss="118.49" rerouteNo="0" devices="tripinfo_v.39.a.1" vType="vtypeauto" speedFactor="1.14" vaporized=""/>
    <tripinfo id="v.43.c.2" depart="516.70" departLane="e3_0" departPos="4.10" departSpeed="0.00" departDelay="0.60" arrival="687.80" arrivalLane="e6_0" arrivalPos="492.80" arrivalSpeed="10.00" duration="171.10" routeLength="990.53" waitingTime="9.80" waitingCount="1" stopTime="0.00" timeLoss="71.66" rerouteNo="0" devices="tripinfo_v.43.c.2" vType="vtypeauto" speedFactor="1.08" vaporized=""/>
    <tripinfo id="v.45.c.2" depart="540.10" departLane="e3_0" departPos="4.10" departSpeed="0.00" departDelay="0.00" arrival="689.90" arrivalLane="e6_0" arrivalPos="492.80" arrivalSpeed="7.00" duration="149.80" routeLength="990.53" waitingTime="0.00" waitingCount="0" stopTime="0.00" timeLoss="50.28" rerouteNo="0" devices="tripinfo_v.45.c.2" vType="vtypeauto" speedFactor="1.03" vaporized=""/>
    <tripinfo id="v.46.d.3" depart="554.70" departLane="e4_0" departPos="4.10" departSpeed="0.00" departDelay="2.60" arrival="722.40" arrivalLane="e6_0" arrivalPos="492.80" arrivalSpeed="6.00" duration="167.70" routeLength="995.90" waitingTime="0.00" waitingCount="0" stopTime="0.00" timeLoss="68.09" rerouteNo="0" devices="tripinfo_v.46.d.3" vType="vtypeauto" speedFactor="0.96" vaporized=""/>
</tripinfos>
