<routes>
	<vType id="vtypeauto" accel="50" decel="1000" sigma="0.0" length="4"
	minGap="2" maxSpeed="20" color="1,1,0" probability="1"
	carFollowModel="CC" tauEngine="0.5" omegaN="0.2" xi="1" c1="0.5"
	lanesCount="4" ccAccel="4" ploegKp="0.2" ploegKd="0.7" ccDccel ="20"
	ploegH="0.5"/>
	<!-- minGap is controlled by plexe parameters 
	<gui_only>
        <lateral-resolution value="1.0"/>
    </gui_only>
	-->

	<route id="route_1" edges="e1 e6"/>
	<route id="route_2" edges="e1 e8"/>
	<route id="route_3" edges="e1 e7"/>	

	<route id="route_4" edges="e2 e7"/>	
	<route id="route_5" edges="e2 e5"/>
	<route id="route_6" edges="e2 e8"/>

	<route id="route_7" edges="e3 e8"/>
	<route id="route_8" edges="e3 e6"/>	
	<route id="route_9" edges="e3 e5"/>

	<route id="route_10" edges="e4 e5"/>	
	<route id="route_11" edges="e4 e7"/>
	<route id="route_12" edges="e4 e6"/>
	
</routes>
