<?xml version="1.0" encoding="UTF-8"?>
<!-- generated on 2022-02-16 17:25:43.327557 by randomTrips.py v1_11_0+0688-6b1e3bbd659
  options: -n my_network.net.xml -e 600 -o mytrips.trips.xml <doubleminus>allow-fringe
-->
<routes xmlns:xsi="http://www.w3.org/2001/XMLSchema-instance" xsi:noNamespaceSchemaLocation="http://sumo.dlr.de/xsd/routes_file.xsd">
    <trip id="0" depart="0.00" from="e6" to="e1"/>
    <trip id="1" depart="1.00" from="e3" to="e2"/>
    <trip id="2" depart="2.00" from="e6" to="e6"/>
    <trip id="3" depart="3.00" from="e8" to="e1"/>
    <trip id="4" depart="4.00" from="e4" to="e1"/>
    <trip id="5" depart="5.00" from="e2" to="e5"/>
    <trip id="6" depart="6.00" from="e1" to="e2"/>
    <trip id="7" depart="7.00" from="e6" to="e5"/>
    <trip id="8" depart="8.00" from="e2" to="e5"/>
    <trip id="9" depart="9.00" from="e7" to="e1"/>
    <trip id="10" depart="10.00" from="e7" to="e6"/>
    <trip id="11" depart="11.00" from="e3" to="e2"/>
    <trip id="12" depart="12.00" from="e8" to="e3"/>
    <trip id="13" depart="13.00" from="e1" to="e1"/>
    <trip id="14" depart="14.00" from="e7" to="e5"/>
    <trip id="15" depart="15.00" from="e7" to="e6"/>
    <trip id="16" depart="16.00" from="e5" to="e8"/>
    <trip id="17" depart="17.00" from="e4" to="e5"/>
    <trip id="18" depart="18.00" from="e7" to="e5"/>
    <trip id="19" depart="19.00" from="e7" to="e5"/>
    <trip id="20" depart="20.00" from="e6" to="e1"/>
    <trip id="21" depart="21.00" from="e2" to="e3"/>
    <trip id="22" depart="22.00" from="e1" to="e2"/>
    <trip id="23" depart="23.00" from="e1" to="e3"/>
    <trip id="24" depart="24.00" from="e6" to="e3"/>
    <trip id="25" depart="25.00" from="e3" to="e2"/>
    <trip id="26" depart="26.00" from="e3" to="e8"/>
    <trip id="27" depart="27.00" from="e6" to="e5"/>
    <trip id="28" depart="28.00" from="e2" to="e6"/>
    <trip id="29" depart="29.00" from="e2" to="e4"/>
    <trip id="30" depart="30.00" from="e8" to="e6"/>
    <trip id="31" depart="31.00" from="e5" to="e6"/>
    <trip id="32" depart="32.00" from="e7" to="e7"/>
    <trip id="33" depart="33.00" from="e2" to="e1"/>
    <trip id="34" depart="34.00" from="e3" to="e3"/>
    <trip id="35" depart="35.00" from="e2" to="e8"/>
    <trip id="36" depart="36.00" from="e8" to="e3"/>
    <trip id="37" depart="37.00" from="e6" to="e4"/>
    <trip id="38" depart="38.00" from="e8" to="e4"/>
    <trip id="39" depart="39.00" from="e3" to="e2"/>
    <trip id="40" depart="40.00" from="e5" to="e3"/>
    <trip id="41" depart="41.00" from="e5" to="e8"/>
    <trip id="42" depart="42.00" from="e4" to="e2"/>
    <trip id="43" depart="43.00" from="e8" to="e5"/>
    <trip id="44" depart="44.00" from="e1" to="e1"/>
    <trip id="45" depart="45.00" from="e1" to="e6"/>
    <trip id="46" depart="46.00" from="e7" to="e4"/>
    <trip id="47" depart="47.00" from="e1" to="e4"/>
    <trip id="48" depart="48.00" from="e8" to="e5"/>
    <trip id="49" depart="49.00" from="e8" to="e7"/>
    <trip id="50" depart="50.00" from="e1" to="e6"/>
    <trip id="51" depart="51.00" from="e6" to="e5"/>
    <trip id="52" depart="52.00" from="e3" to="e6"/>
    <trip id="53" depart="53.00" from="e1" to="e4"/>
    <trip id="54" depart="54.00" from="e4" to="e8"/>
    <trip id="55" depart="55.00" from="e8" to="e3"/>
    <trip id="56" depart="56.00" from="e5" to="e2"/>
    <trip id="57" depart="57.00" from="e8" to="e7"/>
    <trip id="58" depart="58.00" from="e3" to="e6"/>
    <trip id="59" depart="59.00" from="e5" to="e2"/>
    <trip id="60" depart="60.00" from="e7" to="e5"/>
    <trip id="61" depart="61.00" from="e7" to="e5"/>
    <trip id="62" depart="62.00" from="e1" to="e3"/>
    <trip id="63" depart="63.00" from="e1" to="e8"/>
    <trip id="64" depart="64.00" from="e8" to="e7"/>
    <trip id="65" depart="65.00" from="e3" to="e1"/>
    <trip id="66" depart="66.00" from="e8" to="e8"/>
    <trip id="67" depart="67.00" from="e1" to="e4"/>
    <trip id="68" depart="68.00" from="e1" to="e7"/>
    <trip id="69" depart="69.00" from="e7" to="e2"/>
    <trip id="70" depart="70.00" from="e4" to="e5"/>
    <trip id="71" depart="71.00" from="e3" to="e7"/>
    <trip id="72" depart="72.00" from="e4" to="e2"/>
    <trip id="73" depart="73.00" from="e5" to="e6"/>
    <trip id="74" depart="74.00" from="e2" to="e3"/>
    <trip id="75" depart="75.00" from="e8" to="e6"/>
    <trip id="76" depart="76.00" from="e4" to="e5"/>
    <trip id="77" depart="77.00" from="e1" to="e2"/>
    <trip id="78" depart="78.00" from="e3" to="e5"/>
    <trip id="79" depart="79.00" from="e2" to="e2"/>
    <trip id="80" depart="80.00" from="e1" to="e6"/>
    <trip id="81" depart="81.00" from="e2" to="e8"/>
    <trip id="82" depart="82.00" from="e7" to="e1"/>
    <trip id="83" depart="83.00" from="e2" to="e6"/>
    <trip id="84" depart="84.00" from="e2" to="e2"/>
    <trip id="85" depart="85.00" from="e8" to="e5"/>
    <trip id="86" depart="86.00" from="e4" to="e7"/>
    <trip id="87" depart="87.00" from="e7" to="e2"/>
    <trip id="88" depart="88.00" from="e1" to="e4"/>
    <trip id="89" depart="89.00" from="e4" to="e4"/>
    <trip id="90" depart="90.00" from="e6" to="e6"/>
    <trip id="91" depart="91.00" from="e8" to="e1"/>
    <trip id="92" depart="92.00" from="e4" to="e3"/>
    <trip id="93" depart="93.00" from="e7" to="e2"/>
    <trip id="94" depart="94.00" from="e2" to="e4"/>
    <trip id="95" depart="95.00" from="e4" to="e3"/>
    <trip id="96" depart="96.00" from="e2" to="e8"/>
    <trip id="97" depart="97.00" from="e4" to="e7"/>
    <trip id="98" depart="98.00" from="e5" to="e1"/>
    <trip id="99" depart="99.00" from="e8" to="e7"/>
    <trip id="100" depart="100.00" from="e8" to="e8"/>
    <trip id="101" depart="101.00" from="e7" to="e2"/>
    <trip id="102" depart="102.00" from="e4" to="e2"/>
    <trip id="103" depart="103.00" from="e4" to="e1"/>
    <trip id="104" depart="104.00" from="e4" to="e8"/>
    <trip id="105" depart="105.00" from="e3" to="e7"/>
    <trip id="106" depart="106.00" from="e4" to="e4"/>
    <trip id="107" depart="107.00" from="e8" to="e8"/>
    <trip id="108" depart="108.00" from="e5" to="e6"/>
    <trip id="109" depart="109.00" from="e2" to="e3"/>
    <trip id="110" depart="110.00" from="e8" to="e5"/>
    <trip id="111" depart="111.00" from="e5" to="e6"/>
    <trip id="112" depart="112.00" from="e1" to="e5"/>
    <trip id="113" depart="113.00" from="e5" to="e7"/>
    <trip id="114" depart="114.00" from="e2" to="e8"/>
    <trip id="115" depart="115.00" from="e1" to="e2"/>
    <trip id="116" depart="116.00" from="e5" to="e6"/>
    <trip id="117" depart="117.00" from="e2" to="e1"/>
    <trip id="118" depart="118.00" from="e8" to="e2"/>
    <trip id="119" depart="119.00" from="e5" to="e5"/>
    <trip id="120" depart="120.00" from="e4" to="e5"/>
    <trip id="121" depart="121.00" from="e5" to="e8"/>
    <trip id="122" depart="122.00" from="e2" to="e6"/>
    <trip id="123" depart="123.00" from="e2" to="e4"/>
    <trip id="124" depart="124.00" from="e6" to="e3"/>
    <trip id="125" depart="125.00" from="e3" to="e7"/>
    <trip id="126" depart="126.00" from="e1" to="e4"/>
    <trip id="127" depart="127.00" from="e8" to="e8"/>
    <trip id="128" depart="128.00" from="e1" to="e2"/>
    <trip id="129" depart="129.00" from="e3" to="e8"/>
    <trip id="130" depart="130.00" from="e8" to="e8"/>
    <trip id="131" depart="131.00" from="e3" to="e2"/>
    <trip id="132" depart="132.00" from="e7" to="e6"/>
    <trip id="133" depart="133.00" from="e5" to="e8"/>
    <trip id="134" depart="134.00" from="e6" to="e1"/>
    <trip id="135" depart="135.00" from="e7" to="e3"/>
    <trip id="136" depart="136.00" from="e6" to="e8"/>
    <trip id="137" depart="137.00" from="e2" to="e1"/>
    <trip id="138" depart="138.00" from="e1" to="e5"/>
    <trip id="139" depart="139.00" from="e3" to="e5"/>
    <trip id="140" depart="140.00" from="e6" to="e2"/>
    <trip id="141" depart="141.00" from="e6" to="e3"/>
    <trip id="142" depart="142.00" from="e4" to="e8"/>
    <trip id="143" depart="143.00" from="e7" to="e1"/>
    <trip id="144" depart="144.00" from="e4" to="e3"/>
    <trip id="145" depart="145.00" from="e1" to="e7"/>
    <trip id="146" depart="146.00" from="e6" to="e3"/>
    <trip id="147" depart="147.00" from="e6" to="e5"/>
    <trip id="148" depart="148.00" from="e4" to="e1"/>
    <trip id="149" depart="149.00" from="e1" to="e8"/>
    <trip id="150" depart="150.00" from="e8" to="e5"/>
    <trip id="151" depart="151.00" from="e7" to="e5"/>
    <trip id="152" depart="152.00" from="e2" to="e2"/>
    <trip id="153" depart="153.00" from="e3" to="e8"/>
    <trip id="154" depart="154.00" from="e7" to="e7"/>
    <trip id="155" depart="155.00" from="e8" to="e2"/>
    <trip id="156" depart="156.00" from="e2" to="e1"/>
    <trip id="157" depart="157.00" from="e7" to="e8"/>
    <trip id="158" depart="158.00" from="e4" to="e5"/>
    <trip id="159" depart="159.00" from="e2" to="e8"/>
    <trip id="160" depart="160.00" from="e7" to="e8"/>
    <trip id="161" depart="161.00" from="e7" to="e8"/>
    <trip id="162" depart="162.00" from="e1" to="e6"/>
    <trip id="163" depart="163.00" from="e3" to="e8"/>
    <trip id="164" depart="164.00" from="e7" to="e7"/>
    <trip id="165" depart="165.00" from="e7" to="e3"/>
    <trip id="166" depart="166.00" from="e7" to="e1"/>
    <trip id="167" depart="167.00" from="e7" to="e7"/>
    <trip id="168" depart="168.00" from="e2" to="e7"/>
    <trip id="169" depart="169.00" from="e4" to="e3"/>
    <trip id="170" depart="170.00" from="e7" to="e2"/>
    <trip id="171" depart="171.00" from="e1" to="e2"/>
    <trip id="172" depart="172.00" from="e3" to="e7"/>
    <trip id="173" depart="173.00" from="e8" to="e3"/>
    <trip id="174" depart="174.00" from="e6" to="e4"/>
    <trip id="175" depart="175.00" from="e8" to="e5"/>
    <trip id="176" depart="176.00" from="e8" to="e1"/>
    <trip id="177" depart="177.00" from="e8" to="e2"/>
    <trip id="178" depart="178.00" from="e8" to="e3"/>
    <trip id="179" depart="179.00" from="e1" to="e4"/>
    <trip id="180" depart="180.00" from="e6" to="e3"/>
    <trip id="181" depart="181.00" from="e5" to="e5"/>
    <trip id="182" depart="182.00" from="e4" to="e5"/>
    <trip id="183" depart="183.00" from="e3" to="e6"/>
    <trip id="184" depart="184.00" from="e1" to="e8"/>
    <trip id="185" depart="185.00" from="e5" to="e6"/>
    <trip id="186" depart="186.00" from="e6" to="e6"/>
    <trip id="187" depart="187.00" from="e3" to="e1"/>
    <trip id="188" depart="188.00" from="e6" to="e3"/>
    <trip id="189" depart="189.00" from="e3" to="e7"/>
    <trip id="190" depart="190.00" from="e6" to="e3"/>
    <trip id="191" depart="191.00" from="e3" to="e4"/>
    <trip id="192" depart="192.00" from="e4" to="e3"/>
    <trip id="193" depart="193.00" from="e2" to="e4"/>
    <trip id="194" depart="194.00" from="e8" to="e6"/>
    <trip id="195" depart="195.00" from="e8" to="e5"/>
    <trip id="196" depart="196.00" from="e3" to="e5"/>
    <trip id="197" depart="197.00" from="e1" to="e3"/>
    <trip id="198" depart="198.00" from="e4" to="e5"/>
    <trip id="199" depart="199.00" from="e6" to="e4"/>
    <trip id="200" depart="200.00" from="e4" to="e2"/>
    <trip id="201" depart="201.00" from="e4" to="e8"/>
    <trip id="202" depart="202.00" from="e7" to="e2"/>
    <trip id="203" depart="203.00" from="e1" to="e5"/>
    <trip id="204" depart="204.00" from="e6" to="e3"/>
    <trip id="205" depart="205.00" from="e7" to="e7"/>
    <trip id="206" depart="206.00" from="e6" to="e2"/>
    <trip id="207" depart="207.00" from="e2" to="e1"/>
    <trip id="208" depart="208.00" from="e2" to="e4"/>
    <trip id="209" depart="209.00" from="e7" to="e1"/>
    <trip id="210" depart="210.00" from="e4" to="e6"/>
    <trip id="211" depart="211.00" from="e2" to="e6"/>
    <trip id="212" depart="212.00" from="e4" to="e2"/>
    <trip id="213" depart="213.00" from="e6" to="e1"/>
    <trip id="214" depart="214.00" from="e7" to="e7"/>
    <trip id="215" depart="215.00" from="e1" to="e4"/>
    <trip id="216" depart="216.00" from="e2" to="e8"/>
    <trip id="217" depart="217.00" from="e5" to="e1"/>
    <trip id="218" depart="218.00" from="e2" to="e7"/>
    <trip id="219" depart="219.00" from="e4" to="e7"/>
    <trip id="220" depart="220.00" from="e6" to="e8"/>
    <trip id="221" depart="221.00" from="e5" to="e8"/>
    <trip id="222" depart="222.00" from="e8" to="e5"/>
    <trip id="223" depart="223.00" from="e6" to="e5"/>
    <trip id="224" depart="224.00" from="e7" to="e5"/>
    <trip id="225" depart="225.00" from="e8" to="e6"/>
    <trip id="226" depart="226.00" from="e4" to="e3"/>
    <trip id="227" depart="227.00" from="e2" to="e6"/>
    <trip id="228" depart="228.00" from="e7" to="e5"/>
    <trip id="229" depart="229.00" from="e6" to="e3"/>
    <trip id="230" depart="230.00" from="e1" to="e3"/>
    <trip id="231" depart="231.00" from="e3" to="e3"/>
    <trip id="232" depart="232.00" from="e5" to="e2"/>
    <trip id="233" depart="233.00" from="e2" to="e6"/>
    <trip id="234" depart="234.00" from="e6" to="e1"/>
    <trip id="235" depart="235.00" from="e4" to="e5"/>
    <trip id="236" depart="236.00" from="e4" to="e2"/>
    <trip id="237" depart="237.00" from="e4" to="e8"/>
    <trip id="238" depart="238.00" from="e5" to="e6"/>
    <trip id="239" depart="239.00" from="e7" to="e7"/>
    <trip id="240" depart="240.00" from="e4" to="e1"/>
    <trip id="241" depart="241.00" from="e3" to="e7"/>
    <trip id="242" depart="242.00" from="e7" to="e8"/>
    <trip id="243" depart="243.00" from="e4" to="e6"/>
    <trip id="244" depart="244.00" from="e5" to="e5"/>
    <trip id="245" depart="245.00" from="e2" to="e2"/>
    <trip id="246" depart="246.00" from="e4" to="e1"/>
    <trip id="247" depart="247.00" from="e3" to="e6"/>
    <trip id="248" depart="248.00" from="e4" to="e2"/>
    <trip id="249" depart="249.00" from="e4" to="e2"/>
    <trip id="250" depart="250.00" from="e5" to="e1"/>
    <trip id="251" depart="251.00" from="e4" to="e5"/>
    <trip id="252" depart="252.00" from="e1" to="e6"/>
    <trip id="253" depart="253.00" from="e2" to="e4"/>
    <trip id="254" depart="254.00" from="e1" to="e4"/>
    <trip id="255" depart="255.00" from="e2" to="e3"/>
    <trip id="256" depart="256.00" from="e7" to="e4"/>
    <trip id="257" depart="257.00" from="e7" to="e7"/>
    <trip id="258" depart="258.00" from="e3" to="e1"/>
    <trip id="259" depart="259.00" from="e1" to="e5"/>
    <trip id="260" depart="260.00" from="e8" to="e3"/>
    <trip id="261" depart="261.00" from="e6" to="e7"/>
    <trip id="262" depart="262.00" from="e6" to="e7"/>
    <trip id="263" depart="263.00" from="e8" to="e2"/>
    <trip id="264" depart="264.00" from="e1" to="e2"/>
    <trip id="265" depart="265.00" from="e2" to="e6"/>
    <trip id="266" depart="266.00" from="e5" to="e2"/>
    <trip id="267" depart="267.00" from="e6" to="e7"/>
    <trip id="268" depart="268.00" from="e2" to="e5"/>
    <trip id="269" depart="269.00" from="e6" to="e1"/>
    <trip id="270" depart="270.00" from="e7" to="e8"/>
    <trip id="271" depart="271.00" from="e1" to="e1"/>
    <trip id="272" depart="272.00" from="e3" to="e6"/>
    <trip id="273" depart="273.00" from="e8" to="e4"/>
    <trip id="274" depart="274.00" from="e6" to="e1"/>
    <trip id="275" depart="275.00" from="e6" to="e6"/>
    <trip id="276" depart="276.00" from="e1" to="e7"/>
    <trip id="277" depart="277.00" from="e7" to="e5"/>
    <trip id="278" depart="278.00" from="e1" to="e8"/>
    <trip id="279" depart="279.00" from="e7" to="e3"/>
    <trip id="280" depart="280.00" from="e4" to="e3"/>
    <trip id="281" depart="281.00" from="e5" to="e3"/>
    <trip id="282" depart="282.00" from="e7" to="e7"/>
    <trip id="283" depart="283.00" from="e1" to="e8"/>
    <trip id="284" depart="284.00" from="e6" to="e7"/>
    <trip id="285" depart="285.00" from="e6" to="e4"/>
    <trip id="286" depart="286.00" from="e6" to="e8"/>
    <trip id="287" depart="287.00" from="e3" to="e7"/>
    <trip id="288" depart="288.00" from="e5" to="e4"/>
    <trip id="289" depart="289.00" from="e4" to="e6"/>
    <trip id="290" depart="290.00" from="e3" to="e7"/>
    <trip id="291" depart="291.00" from="e7" to="e1"/>
    <trip id="292" depart="292.00" from="e8" to="e2"/>
    <trip id="293" depart="293.00" from="e4" to="e5"/>
    <trip id="294" depart="294.00" from="e4" to="e1"/>
    <trip id="295" depart="295.00" from="e7" to="e2"/>
    <trip id="296" depart="296.00" from="e2" to="e7"/>
    <trip id="297" depart="297.00" from="e3" to="e8"/>
    <trip id="298" depart="298.00" from="e6" to="e3"/>
    <trip id="299" depart="299.00" from="e1" to="e8"/>
    <trip id="300" depart="300.00" from="e1" to="e6"/>
    <trip id="301" depart="301.00" from="e4" to="e7"/>
    <trip id="302" depart="302.00" from="e6" to="e6"/>
    <trip id="303" depart="303.00" from="e4" to="e7"/>
    <trip id="304" depart="304.00" from="e1" to="e2"/>
    <trip id="305" depart="305.00" from="e6" to="e3"/>
    <trip id="306" depart="306.00" from="e5" to="e4"/>
    <trip id="307" depart="307.00" from="e5" to="e4"/>
    <trip id="308" depart="308.00" from="e6" to="e3"/>
    <trip id="309" depart="309.00" from="e6" to="e3"/>
    <trip id="310" depart="310.00" from="e3" to="e1"/>
    <trip id="311" depart="311.00" from="e2" to="e1"/>
    <trip id="312" depart="312.00" from="e5" to="e7"/>
    <trip id="313" depart="313.00" from="e2" to="e2"/>
    <trip id="314" depart="314.00" from="e4" to="e6"/>
    <trip id="315" depart="315.00" from="e8" to="e5"/>
    <trip id="316" depart="316.00" from="e3" to="e1"/>
    <trip id="317" depart="317.00" from="e2" to="e2"/>
    <trip id="318" depart="318.00" from="e2" to="e1"/>
    <trip id="319" depart="319.00" from="e5" to="e3"/>
    <trip id="320" depart="320.00" from="e8" to="e5"/>
    <trip id="321" depart="321.00" from="e6" to="e2"/>
    <trip id="322" depart="322.00" from="e7" to="e4"/>
    <trip id="323" depart="323.00" from="e7" to="e5"/>
    <trip id="324" depart="324.00" from="e4" to="e4"/>
    <trip id="325" depart="325.00" from="e2" to="e1"/>
    <trip id="326" depart="326.00" from="e8" to="e4"/>
    <trip id="327" depart="327.00" from="e7" to="e4"/>
    <trip id="328" depart="328.00" from="e1" to="e6"/>
    <trip id="329" depart="329.00" from="e1" to="e2"/>
    <trip id="330" depart="330.00" from="e5" to="e3"/>
    <trip id="331" depart="331.00" from="e8" to="e1"/>
    <trip id="332" depart="332.00" from="e7" to="e5"/>
    <trip id="333" depart="333.00" from="e7" to="e2"/>
    <trip id="334" depart="334.00" from="e5" to="e4"/>
    <trip id="335" depart="335.00" from="e4" to="e7"/>
    <trip id="336" depart="336.00" from="e8" to="e3"/>
    <trip id="337" depart="337.00" from="e5" to="e5"/>
    <trip id="338" depart="338.00" from="e6" to="e8"/>
    <trip id="339" depart="339.00" from="e2" to="e2"/>
    <trip id="340" depart="340.00" from="e6" to="e2"/>
    <trip id="341" depart="341.00" from="e2" to="e1"/>
    <trip id="342" depart="342.00" from="e1" to="e4"/>
    <trip id="343" depart="343.00" from="e5" to="e3"/>
    <trip id="344" depart="344.00" from="e2" to="e6"/>
    <trip id="345" depart="345.00" from="e6" to="e4"/>
    <trip id="346" depart="346.00" from="e6" to="e8"/>
    <trip id="347" depart="347.00" from="e7" to="e6"/>
    <trip id="348" depart="348.00" from="e6" to="e8"/>
    <trip id="349" depart="349.00" from="e4" to="e5"/>
    <trip id="350" depart="350.00" from="e6" to="e8"/>
    <trip id="351" depart="351.00" from="e7" to="e1"/>
    <trip id="352" depart="352.00" from="e2" to="e3"/>
    <trip id="353" depart="353.00" from="e6" to="e5"/>
    <trip id="354" depart="354.00" from="e3" to="e1"/>
    <trip id="355" depart="355.00" from="e6" to="e6"/>
    <trip id="356" depart="356.00" from="e8" to="e5"/>
    <trip id="357" depart="357.00" from="e4" to="e1"/>
    <trip id="358" depart="358.00" from="e1" to="e4"/>
    <trip id="359" depart="359.00" from="e3" to="e3"/>
    <trip id="360" depart="360.00" from="e1" to="e8"/>
    <trip id="361" depart="361.00" from="e7" to="e5"/>
    <trip id="362" depart="362.00" from="e8" to="e8"/>
    <trip id="363" depart="363.00" from="e6" to="e3"/>
    <trip id="364" depart="364.00" from="e1" to="e7"/>
    <trip id="365" depart="365.00" from="e4" to="e6"/>
    <trip id="366" depart="366.00" from="e8" to="e2"/>
    <trip id="367" depart="367.00" from="e5" to="e6"/>
    <trip id="368" depart="368.00" from="e4" to="e1"/>
    <trip id="369" depart="369.00" from="e3" to="e3"/>
    <trip id="370" depart="370.00" from="e6" to="e7"/>
    <trip id="371" depart="371.00" from="e3" to="e6"/>
    <trip id="372" depart="372.00" from="e3" to="e8"/>
    <trip id="373" depart="373.00" from="e7" to="e5"/>
    <trip id="374" depart="374.00" from="e4" to="e3"/>
    <trip id="375" depart="375.00" from="e3" to="e8"/>
    <trip id="376" depart="376.00" from="e4" to="e5"/>
    <trip id="377" depart="377.00" from="e8" to="e6"/>
    <trip id="378" depart="378.00" from="e5" to="e4"/>
    <trip id="379" depart="379.00" from="e2" to="e3"/>
    <trip id="380" depart="380.00" from="e7" to="e6"/>
    <trip id="381" depart="381.00" from="e7" to="e2"/>
    <trip id="382" depart="382.00" from="e5" to="e8"/>
    <trip id="383" depart="383.00" from="e4" to="e6"/>
    <trip id="384" depart="384.00" from="e1" to="e8"/>
    <trip id="385" depart="385.00" from="e5" to="e2"/>
    <trip id="386" depart="386.00" from="e2" to="e5"/>
    <trip id="387" depart="387.00" from="e5" to="e1"/>
    <trip id="388" depart="388.00" from="e8" to="e8"/>
    <trip id="389" depart="389.00" from="e4" to="e1"/>
    <trip id="390" depart="390.00" from="e7" to="e4"/>
    <trip id="391" depart="391.00" from="e6" to="e5"/>
    <trip id="392" depart="392.00" from="e3" to="e7"/>
    <trip id="393" depart="393.00" from="e8" to="e2"/>
    <trip id="394" depart="394.00" from="e5" to="e4"/>
    <trip id="395" depart="395.00" from="e8" to="e5"/>
    <trip id="396" depart="396.00" from="e8" to="e7"/>
    <trip id="397" depart="397.00" from="e3" to="e7"/>
    <trip id="398" depart="398.00" from="e4" to="e8"/>
    <trip id="399" depart="399.00" from="e5" to="e7"/>
    <trip id="400" depart="400.00" from="e3" to="e3"/>
    <trip id="401" depart="401.00" from="e5" to="e8"/>
    <trip id="402" depart="402.00" from="e4" to="e2"/>
    <trip id="403" depart="403.00" from="e5" to="e3"/>
    <trip id="404" depart="404.00" from="e5" to="e5"/>
    <trip id="405" depart="405.00" from="e4" to="e3"/>
    <trip id="406" depart="406.00" from="e2" to="e6"/>
    <trip id="407" depart="407.00" from="e5" to="e2"/>
    <trip id="408" depart="408.00" from="e7" to="e1"/>
    <trip id="409" depart="409.00" from="e6" to="e6"/>
    <trip id="410" depart="410.00" from="e7" to="e4"/>
    <trip id="411" depart="411.00" from="e6" to="e7"/>
    <trip id="412" depart="412.00" from="e8" to="e4"/>
    <trip id="413" depart="413.00" from="e1" to="e5"/>
    <trip id="414" depart="414.00" from="e5" to="e7"/>
    <trip id="415" depart="415.00" from="e7" to="e4"/>
    <trip id="416" depart="416.00" from="e5" to="e4"/>
    <trip id="417" depart="417.00" from="e6" to="e4"/>
    <trip id="418" depart="418.00" from="e6" to="e2"/>
    <trip id="419" depart="419.00" from="e4" to="e8"/>
    <trip id="420" depart="420.00" from="e3" to="e6"/>
    <trip id="421" depart="421.00" from="e6" to="e7"/>
    <trip id="422" depart="422.00" from="e7" to="e7"/>
    <trip id="423" depart="423.00" from="e4" to="e3"/>
    <trip id="424" depart="424.00" from="e6" to="e7"/>
    <trip id="425" depart="425.00" from="e7" to="e1"/>
    <trip id="426" depart="426.00" from="e1" to="e6"/>
    <trip id="427" depart="427.00" from="e8" to="e8"/>
    <trip id="428" depart="428.00" from="e6" to="e4"/>
    <trip id="429" depart="429.00" from="e1" to="e6"/>
    <trip id="430" depart="430.00" from="e7" to="e4"/>
    <trip id="431" depart="431.00" from="e6" to="e8"/>
    <trip id="432" depart="432.00" from="e1" to="e7"/>
    <trip id="433" depart="433.00" from="e3" to="e3"/>
    <trip id="434" depart="434.00" from="e2" to="e5"/>
    <trip id="435" depart="435.00" from="e5" to="e7"/>
    <trip id="436" depart="436.00" from="e2" to="e1"/>
    <trip id="437" depart="437.00" from="e7" to="e5"/>
    <trip id="438" depart="438.00" from="e2" to="e8"/>
    <trip id="439" depart="439.00" from="e2" to="e4"/>
    <trip id="440" depart="440.00" from="e3" to="e3"/>
    <trip id="441" depart="441.00" from="e1" to="e7"/>
    <trip id="442" depart="442.00" from="e8" to="e6"/>
    <trip id="443" depart="443.00" from="e2" to="e4"/>
    <trip id="444" depart="444.00" from="e3" to="e5"/>
    <trip id="445" depart="445.00" from="e6" to="e4"/>
    <trip id="446" depart="446.00" from="e3" to="e7"/>
    <trip id="447" depart="447.00" from="e2" to="e4"/>
    <trip id="448" depart="448.00" from="e4" to="e2"/>
    <trip id="449" depart="449.00" from="e5" to="e5"/>
    <trip id="450" depart="450.00" from="e8" to="e3"/>
    <trip id="451" depart="451.00" from="e8" to="e6"/>
    <trip id="452" depart="452.00" from="e3" to="e5"/>
    <trip id="453" depart="453.00" from="e6" to="e6"/>
    <trip id="454" depart="454.00" from="e1" to="e5"/>
    <trip id="455" depart="455.00" from="e4" to="e8"/>
    <trip id="456" depart="456.00" from="e3" to="e7"/>
    <trip id="457" depart="457.00" from="e5" to="e3"/>
    <trip id="458" depart="458.00" from="e6" to="e5"/>
    <trip id="459" depart="459.00" from="e6" to="e6"/>
    <trip id="460" depart="460.00" from="e6" to="e7"/>
    <trip id="461" depart="461.00" from="e6" to="e8"/>
    <trip id="462" depart="462.00" from="e6" to="e3"/>
    <trip id="463" depart="463.00" from="e4" to="e5"/>
    <trip id="464" depart="464.00" from="e6" to="e1"/>
    <trip id="465" depart="465.00" from="e3" to="e6"/>
    <trip id="466" depart="466.00" from="e2" to="e2"/>
    <trip id="467" depart="467.00" from="e5" to="e8"/>
    <trip id="468" depart="468.00" from="e5" to="e8"/>
    <trip id="469" depart="469.00" from="e7" to="e3"/>
    <trip id="470" depart="470.00" from="e7" to="e4"/>
    <trip id="471" depart="471.00" from="e7" to="e6"/>
    <trip id="472" depart="472.00" from="e3" to="e1"/>
    <trip id="473" depart="473.00" from="e8" to="e2"/>
    <trip id="474" depart="474.00" from="e8" to="e7"/>
    <trip id="475" depart="475.00" from="e6" to="e8"/>
    <trip id="476" depart="476.00" from="e8" to="e7"/>
    <trip id="477" depart="477.00" from="e3" to="e7"/>
    <trip id="478" depart="478.00" from="e1" to="e5"/>
    <trip id="479" depart="479.00" from="e4" to="e6"/>
    <trip id="480" depart="480.00" from="e6" to="e5"/>
    <trip id="481" depart="481.00" from="e7" to="e8"/>
    <trip id="482" depart="482.00" from="e1" to="e2"/>
    <trip id="483" depart="483.00" from="e1" to="e8"/>
    <trip id="484" depart="484.00" from="e5" to="e8"/>
    <trip id="485" depart="485.00" from="e2" to="e1"/>
    <trip id="486" depart="486.00" from="e7" to="e8"/>
    <trip id="487" depart="487.00" from="e3" to="e4"/>
    <trip id="488" depart="488.00" from="e2" to="e8"/>
    <trip id="489" depart="489.00" from="e3" to="e4"/>
    <trip id="490" depart="490.00" from="e1" to="e8"/>
    <trip id="491" depart="491.00" from="e2" to="e4"/>
    <trip id="492" depart="492.00" from="e6" to="e6"/>
    <trip id="493" depart="493.00" from="e8" to="e4"/>
    <trip id="494" depart="494.00" from="e6" to="e2"/>
    <trip id="495" depart="495.00" from="e4" to="e1"/>
    <trip id="496" depart="496.00" from="e4" to="e4"/>
    <trip id="497" depart="497.00" from="e8" to="e1"/>
    <trip id="498" depart="498.00" from="e3" to="e4"/>
    <trip id="499" depart="499.00" from="e8" to="e7"/>
    <trip id="500" depart="500.00" from="e1" to="e6"/>
    <trip id="501" depart="501.00" from="e5" to="e8"/>
    <trip id="502" depart="502.00" from="e3" to="e4"/>
    <trip id="503" depart="503.00" from="e2" to="e1"/>
    <trip id="504" depart="504.00" from="e7" to="e4"/>
    <trip id="505" depart="505.00" from="e6" to="e6"/>
    <trip id="506" depart="506.00" from="e5" to="e1"/>
    <trip id="507" depart="507.00" from="e7" to="e2"/>
    <trip id="508" depart="508.00" from="e2" to="e5"/>
    <trip id="509" depart="509.00" from="e1" to="e7"/>
    <trip id="510" depart="510.00" from="e2" to="e2"/>
    <trip id="511" depart="511.00" from="e7" to="e3"/>
    <trip id="512" depart="512.00" from="e2" to="e8"/>
    <trip id="513" depart="513.00" from="e1" to="e7"/>
    <trip id="514" depart="514.00" from="e2" to="e2"/>
    <trip id="515" depart="515.00" from="e3" to="e2"/>
    <trip id="516" depart="516.00" from="e6" to="e1"/>
    <trip id="517" depart="517.00" from="e1" to="e7"/>
    <trip id="518" depart="518.00" from="e2" to="e3"/>
    <trip id="519" depart="519.00" from="e2" to="e1"/>
    <trip id="520" depart="520.00" from="e6" to="e5"/>
    <trip id="521" depart="521.00" from="e6" to="e4"/>
    <trip id="522" depart="522.00" from="e7" to="e5"/>
    <trip id="523" depart="523.00" from="e1" to="e5"/>
    <trip id="524" depart="524.00" from="e8" to="e1"/>
    <trip id="525" depart="525.00" from="e7" to="e7"/>
    <trip id="526" depart="526.00" from="e5" to="e4"/>
    <trip id="527" depart="527.00" from="e8" to="e1"/>
    <trip id="528" depart="528.00" from="e4" to="e4"/>
    <trip id="529" depart="529.00" from="e6" to="e4"/>
    <trip id="530" depart="530.00" from="e8" to="e1"/>
    <trip id="531" depart="531.00" from="e1" to="e5"/>
    <trip id="532" depart="532.00" from="e1" to="e3"/>
    <trip id="533" depart="533.00" from="e6" to="e5"/>
    <trip id="534" depart="534.00" from="e3" to="e8"/>
    <trip id="535" depart="535.00" from="e5" to="e4"/>
    <trip id="536" depart="536.00" from="e5" to="e1"/>
    <trip id="537" depart="537.00" from="e6" to="e7"/>
    <trip id="538" depart="538.00" from="e6" to="e7"/>
    <trip id="539" depart="539.00" from="e6" to="e2"/>
    <trip id="540" depart="540.00" from="e4" to="e2"/>
    <trip id="541" depart="541.00" from="e3" to="e4"/>
    <trip id="542" depart="542.00" from="e4" to="e1"/>
    <trip id="543" depart="543.00" from="e4" to="e6"/>
    <trip id="544" depart="544.00" from="e3" to="e2"/>
    <trip id="545" depart="545.00" from="e8" to="e1"/>
    <trip id="546" depart="546.00" from="e7" to="e1"/>
    <trip id="547" depart="547.00" from="e1" to="e6"/>
    <trip id="548" depart="548.00" from="e7" to="e5"/>
    <trip id="549" depart="549.00" from="e5" to="e5"/>
    <trip id="550" depart="550.00" from="e3" to="e1"/>
    <trip id="551" depart="551.00" from="e3" to="e6"/>
    <trip id="552" depart="552.00" from="e7" to="e7"/>
    <trip id="553" depart="553.00" from="e6" to="e8"/>
    <trip id="554" depart="554.00" from="e5" to="e3"/>
    <trip id="555" depart="555.00" from="e5" to="e2"/>
    <trip id="556" depart="556.00" from="e6" to="e2"/>
    <trip id="557" depart="557.00" from="e1" to="e7"/>
    <trip id="558" depart="558.00" from="e3" to="e7"/>
    <trip id="559" depart="559.00" from="e5" to="e7"/>
    <trip id="560" depart="560.00" from="e7" to="e8"/>
    <trip id="561" depart="561.00" from="e7" to="e5"/>
    <trip id="562" depart="562.00" from="e6" to="e1"/>
    <trip id="563" depart="563.00" from="e8" to="e7"/>
    <trip id="564" depart="564.00" from="e3" to="e2"/>
    <trip id="565" depart="565.00" from="e6" to="e3"/>
    <trip id="566" depart="566.00" from="e3" to="e1"/>
    <trip id="567" depart="567.00" from="e7" to="e5"/>
    <trip id="568" depart="568.00" from="e4" to="e2"/>
    <trip id="569" depart="569.00" from="e6" to="e1"/>
    <trip id="570" depart="570.00" from="e6" to="e2"/>
    <trip id="571" depart="571.00" from="e4" to="e3"/>
    <trip id="572" depart="572.00" from="e3" to="e6"/>
    <trip id="573" depart="573.00" from="e7" to="e5"/>
    <trip id="574" depart="574.00" from="e1" to="e1"/>
    <trip id="575" depart="575.00" from="e2" to="e5"/>
    <trip id="576" depart="576.00" from="e6" to="e3"/>
    <trip id="577" depart="577.00" from="e6" to="e4"/>
    <trip id="578" depart="578.00" from="e4" to="e3"/>
    <trip id="579" depart="579.00" from="e7" to="e1"/>
    <trip id="580" depart="580.00" from="e4" to="e3"/>
    <trip id="581" depart="581.00" from="e6" to="e4"/>
    <trip id="582" depart="582.00" from="e6" to="e1"/>
    <trip id="583" depart="583.00" from="e4" to="e5"/>
    <trip id="584" depart="584.00" from="e1" to="e3"/>
    <trip id="585" depart="585.00" from="e2" to="e2"/>
    <trip id="586" depart="586.00" from="e3" to="e3"/>
    <trip id="587" depart="587.00" from="e1" to="e6"/>
    <trip id="588" depart="588.00" from="e2" to="e4"/>
    <trip id="589" depart="589.00" from="e6" to="e5"/>
    <trip id="590" depart="590.00" from="e7" to="e7"/>
    <trip id="591" depart="591.00" from="e1" to="e7"/>
    <trip id="592" depart="592.00" from="e1" to="e1"/>
    <trip id="593" depart="593.00" from="e8" to="e7"/>
    <trip id="594" depart="594.00" from="e5" to="e5"/>
    <trip id="595" depart="595.00" from="e6" to="e4"/>
    <trip id="596" depart="596.00" from="e1" to="e1"/>
    <trip id="597" depart="597.00" from="e3" to="e7"/>
    <trip id="598" depart="598.00" from="e5" to="e7"/>
    <trip id="599" depart="599.00" from="e8" to="e1"/>
</routes>
